Workbook

Sheet C39
B1: =VLOOKUP(A5,'PMC数据辅助&月良率预估'!$AR$3:$AS$130,2,0) -> 折叠 | C1: 0.88 | E1: A1
A2: =VLOOKUP(A5,切数!$C:$J,8,0) -> 45 | B2: 辅助列 | D2: 已生产批次 | E2: 月预估=当月各批次良率加权
A3: 预估月 | E3: =_xlfn.IFNA(VLOOKUP($A$5&E$4,'PMC数据辅助&月良率预估'!$B$2:$G$1000,2,0),"") -> M06 | J3: =_xlfn.IFNA(VLOOKUP($A$5&J$4,'PMC数据辅助&月良率预估'!$B$2:$G$1000,2,0),"") | O3: =_xlfn.IFNA(VLOOKUP($A$5&O$4,'PMC数据辅助&月良率预估'!$B$2:$G$1000,2,0),"") | T3: =_xlfn.IFNA(VLOOKUP($A$5&T$4,'PMC数据辅助&月良率预估'!$B$2:$G$1000,2,0),"") | Y3: =_xlfn.IFNA(VLOOKUP($A$5&Y$4,'PMC数据辅助&月良率预估'!$B$2:$G$1000,2,0),"") | AD3: =_xlfn.IFNA(VLOOKUP($A$5&AD$4,'PMC数据辅助&月良率预估'!$B$2:$G$1000,2,0),"") | AI3: =_xlfn.IFNA(VLOOKUP($A$5&AI$4,'PMC数据辅助&月良率预估'!$B$2:$G$1000,2,0),"") | AN3: =_xlfn.IFNA(VLOOKUP($A$5&AN$4,'PMC数据辅助&月良率预估'!$B$2:$G$1000,2,0),"") | AS3: =_xlfn.IFNA(VLOOKUP($A$5&AS$4,'PMC数据辅助&月良率预估'!$B$2:$G$1000,2,0),"") | AX3: =_xlfn.IFNA(VLOOKUP($A$5&AX$4,'PMC数据辅助&月良率预估'!$B$2:$G$1000,2,0),"") | BC3: =_xlfn.IFNA(VLOOKUP($A$5&BC$4,'PMC数据辅助&月良率预估'!$B$2:$G$1000,2,0),"") | BH3: =_xlfn.IFNA(VLOOKUP($A$5&BH$4,'PMC数据辅助&月良率预估'!$B$2:$G$1000,2,0),"") | BM3: =_xlfn.IFNA(VLOOKUP($A$5&BM$4,'PMC数据辅助&月良率预估'!$B$2:$G$1000,2,0),"")
A4: 蒸镀批次 | B4: 25/11/26蒸镀批 | C4: 25/12/27蒸镀批 | E4: =_xlfn.IFNA(VLOOKUP($A$5&COLUMN($A$1),'PMC数据辅助&月良率预估'!$A:$F,5,0),"") -> 06/18蒸镀批次 | J4: =_xlfn.IFNA(VLOOKUP($A$5&COLUMN($B$1),'PMC数据辅助&月良率预估'!$A:$F,5,0),"") | O4: =_xlfn.IFNA(VLOOKUP($A$5&COLUMN($C$1),'PMC数据辅助&月良率预估'!$A:$F,5,0),"") | T4: =_xlfn.IFNA(VLOOKUP($A$5&COLUMN($D$1),'PMC数据辅助&月良率预估'!$A:$F,5,0),"") | Y4: =_xlfn.IFNA(VLOOKUP($A$5&COLUMN($E$1),'PMC数据辅助&月良率预估'!$A:$F,5,0),"") | AD4: =_xlfn.IFNA(VLOOKUP($A$5&COLUMN($F$1),'PMC数据辅助&月良率预估'!$A:$F,5,0),"") | AI4: =_xlfn.IFNA(VLOOKUP($A$5&COLUMN($G$1),'PMC数据辅助&月良率预估'!$A:$F,5,0),"") | AN4: =_xlfn.IFNA(VLOOKUP($A$5&COLUMN($H$1),'PMC数据辅助&月良率预估'!$A:$F,5,0),"") | AS4: =_xlfn.IFNA(VLOOKUP($A$5&COLUMN($I$1),'PMC数据辅助&月良率预估'!$A:$F,5,0),"") | AX4: =_xlfn.IFNA(VLOOKUP($A$5&COLUMN($J$1),'PMC数据辅助&月良率预估'!$A:$F,5,0),"") | BC4: =_xlfn.IFNA(VLOOKUP($A$5&COLUMN($K$1),'PMC数据辅助&月良率预估'!$A:$F,5,0),"") | BH4: =_xlfn.IFNA(VLOOKUP($A$5&COLUMN($L$1),'PMC数据辅助&月良率预估'!$A:$F,5,0),"") | BM4: =_xlfn.IFNA(VLOOKUP($A$5&COLUMN($M$1),'PMC数据辅助&月良率预估'!$A:$F,5,0),"")
A5: C39 | B5: 不良率 | C5: 不良率 | E5: 对策合入/异常影响 | F5: 良率正贡献 （贡献加和值） | G5: 良率负影响 （影响加和值） | H5: 不良预估 现状-正贡献+负影响 | I5: Inline佐证数据 | J5: 对策合入/异常影响 | K5: 良率正贡献 （贡献加和值） | L5: 良率负影响 （影响加和值） | M5: 不良预估 现状-正贡献+负影响 | N5: Inline佐证数据 | O5: 对策合入/异常影响 | P5: 良率正贡献 （贡献加和值） | Q5: 良率负影响 （影响加和值） | R5: 不良预估 现状-正贡献+负影响 | S5: Inline佐证数据 | T5: 对策合入/异常影响 | U5: 良率正贡献 （贡献加和值） | V5: 良率负影响 （影响加和值） | W5: 不良预估 现状-正贡献+负影响 | X5: Inline佐证数据 | Y5: 对策合入/异常影响 | Z5: 良率正贡献 （贡献加和值） | AA5: 良率负影响 （影响加和值） | AB5: 不良预估 现状-正贡献+负影响 | AC5: Inline佐证数据 | AD5: 对策合入/异常影响 | AE5: 良率正贡献 （贡献加和值） | AF5: 良率负影响 （影响加和值） | AG5: 不良预估 现状-正贡献+负影响 | AH5: Inline佐证数据 | AI5: 对策合入/异常影响 | AJ5: 良率正贡献 （贡献加和值） | AK5: 良率负影响 （影响加和值） | AL5: 不良预估 现状-正贡献+负影响 | AM5: Inline佐证数据 | AN5: 对策合入/异常影响 | AO5: 良率正贡献 （贡献加和值） | AP5: 良率负影响 （影响加和值） | AQ5: 不良预估 现状-正贡献+负影响 | AR5: Inline佐证数据 | AS5: 对策合入/异常影响 | AT5: 良率正贡献 （贡献加和值） | AU5: 良率负影响 （影响加和值） | AV5: 不良预估 现状-正贡献+负影响 | AW5: Inline佐证数据 | AX5: 对策合入/异常影响 | AY5: 良率正贡献 （贡献加和值） | AZ5: 良率负影响 （影响加和值） | BA5: 不良预估 现状-正贡献+负影响 | BB5: Inline佐证数据 | BC5: 对策合入/异常影响 | BD5: 良率正贡献 （贡献加和值） | BE5: 良率负影响 （影响加和值） | BF5: 不良预估 现状-正贡献+负影响 | BG5: Inline佐证数据 | BH5: 对策合入/异常影响 | BI5: 良率正贡献 （贡献加和值） | BJ5: 良率负影响 （影响加和值） | BK5: 不良预估 现状-正贡献+负影响 | BL5: Inline佐证数据 | BM5: 对策合入/异常影响 | BN5: 良率正贡献 （贡献加和值） | BO5: 良率负影响 （影响加和值） | BP5: 不良预估 现状-正贡献+负影响 | BQ5: Inline佐证数据
A6: 入库数 | B6: =_xlfn.IFNA(VLOOKUP($A6,批次辅助!$A$4:$DC$41,MATCH($A$5&B$4,批次辅助!$A$1:$DC$1,0),0),0) -> 180270 | C6: =_xlfn.IFNA(VLOOKUP($A6,批次辅助!$A$4:$DC$41,MATCH($A$5&C$4,批次辅助!$A$1:$DC$1,0),0),0) -> 161100 | D6: =_xlfn.IFNA(VLOOKUP($A6,批次辅助!$A$4:$DC$41,MATCH($A$5&D$4,批次辅助!$A$1:$DC$1,0),0),0) -> 0 | E6: =_xlfn.IFNA(VLOOKUP($A$5&E$4,'PMC数据辅助&月良率预估'!$B$2:$G$599,5,0),0) -> 1440 | J6: =_xlfn.IFNA(VLOOKUP($A$5&J$4,'PMC数据辅助&月良率预估'!$B$2:$G$599,5,0),0) -> 0 | O6: =_xlfn.IFNA(VLOOKUP($A$5&O$4,'PMC数据辅助&月良率预估'!$B$2:$G$599,5,0),0) -> 0 | T6: =_xlfn.IFNA(VLOOKUP($A$5&T$4,'PMC数据辅助&月良率预估'!$B$2:$G$599,5,0),0) -> 0 | Y6: =_xlfn.IFNA(VLOOKUP($A$5&Y$4,'PMC数据辅助&月良率预估'!$B$2:$G$599,5,0),0) -> 0 | AD6: =_xlfn.IFNA(VLOOKUP($A$5&AD$4,'PMC数据辅助&月良率预估'!$B$2:$G$599,5,0),0) -> 0 | AI6: =_xlfn.IFNA(VLOOKUP($A$5&AI$4,'PMC数据辅助&月良率预估'!$B$2:$G$599,5,0),0) -> 0 | AN6: =_xlfn.IFNA(VLOOKUP($A$5&AN$4,'PMC数据辅助&月良率预估'!$B$2:$G$599,5,0),0) -> 0 | AS6: =_xlfn.IFNA(VLOOKUP($A$5&AS$4,'PMC数据辅助&月良率预估'!$B$2:$G$599,5,0),0) -> 0 | AX6: =_xlfn.IFNA(VLOOKUP($A$5&AX$4,'PMC数据辅助&月良率预估'!$B$2:$G$599,5,0),0) -> 0 | BC6: =_xlfn.IFNA(VLOOKUP($A$5&BC$4,'PMC数据辅助&月良率预估'!$B$2:$G$599,5,0),0) -> 0 | BH6: =_xlfn.IFNA(VLOOKUP($A$5&BH$4,'PMC数据辅助&月良率预估'!$B$2:$G$599,5,0),0) -> 0 | BM6: =_xlfn.IFNA(VLOOKUP($A$5&BM$4,'PMC数据辅助&月良率预估'!$B$2:$G$599,5,0),0) -> 0
A7: 蒸镀数量 | B7: =_xlfn.IFNA(VLOOKUP($A7,批次辅助!$A$4:$DC$41,MATCH($A$5&B$4,批次辅助!$A$1:$DC$1,0),0),0) -> 180360 | C7: =_xlfn.IFNA(VLOOKUP($A7,批次辅助!$A$4:$DC$41,MATCH($A$5&C$4,批次辅助!$A$1:$DC$1,0),0),0) -> 161460 | D7: =_xlfn.IFNA(VLOOKUP($A7,批次辅助!$A$4:$DC$41,MATCH($A$5&D$4,批次辅助!$A$1:$DC$1,0),0),0) -> 0 | E7: =_xlfn.IFNA(VLOOKUP($A$5&E$4,'PMC数据辅助&月良率预估'!$B$2:$G$599,6,0),0) -> 1440 | J7: =_xlfn.IFNA(VLOOKUP($A$5&J$4,'PMC数据辅助&月良率预估'!$B$2:$G$599,6,0),0) -> 0 | O7: =_xlfn.IFNA(VLOOKUP($A$5&O$4,'PMC数据辅助&月良率预估'!$B$2:$G$599,6,0),0) -> 0 | T7: =_xlfn.IFNA(VLOOKUP($A$5&T$4,'PMC数据辅助&月良率预估'!$B$2:$G$599,6,0),0) -> 0 | Y7: =_xlfn.IFNA(VLOOKUP($A$5&Y$4,'PMC数据辅助&月良率预估'!$B$2:$G$599,6,0),0) -> 0 | AD7: =_xlfn.IFNA(VLOOKUP($A$5&AD$4,'PMC数据辅助&月良率预估'!$B$2:$G$599,6,0),0) -> 0 | AI7: =_xlfn.IFNA(VLOOKUP($A$5&AI$4,'PMC数据辅助&月良率预估'!$B$2:$G$599,6,0),0) -> 0 | AN7: =_xlfn.IFNA(VLOOKUP($A$5&AN$4,'PMC数据辅助&月良率预估'!$B$2:$G$599,6,0),0) -> 0 | AS7: =_xlfn.IFNA(VLOOKUP($A$5&AS$4,'PMC数据辅助&月良率预估'!$B$2:$G$599,6,0),0) -> 0 | AX7: =_xlfn.IFNA(VLOOKUP($A$5&AX$4,'PMC数据辅助&月良率预估'!$B$2:$G$599,6,0),0) -> 0 | BC7: =_xlfn.IFNA(VLOOKUP($A$5&BC$4,'PMC数据辅助&月良率预估'!$B$2:$G$599,6,0),0) -> 0 | BH7: =_xlfn.IFNA(VLOOKUP($A$5&BH$4,'PMC数据辅助&月良率预估'!$B$2:$G$599,6,0),0) -> 0 | BM7: =_xlfn.IFNA(VLOOKUP($A$5&BM$4,'PMC数据辅助&月良率预估'!$B$2:$G$599,6,0),0) -> 0
A8: 批次入库率 | B8: =_xlfn.IFNA(VLOOKUP($A8,批次辅助!$A$4:$DC$41,MATCH($A$5&B$4,批次辅助!$A$1:$DC$1,0),0),0) -> 1 | C8: =_xlfn.IFNA(VLOOKUP($A8,批次辅助!$A$4:$DC$41,MATCH($A$5&C$4,批次辅助!$A$1:$DC$1,0),0),0) -> 1 | D8: =_xlfn.IFNA(VLOOKUP($A8,批次辅助!$A$4:$DC$41,MATCH($A$5&D$4,批次辅助!$A$1:$DC$1,0),0),0) -> 0 | E8: =IF(E6=0,0%,E7/E6) -> 1 | J8: =IF(J6=0,0%,J7/J6) -> 0 | O8: =IF(O6=0,0%,O7/O6) -> 0 | T8: =IF(T6=0,0%,T7/T6) -> 0 | Y8: =IF(Y6=0,0%,Y7/Y6) -> 0 | AD8: =IF(AD6=0,0%,AD7/AD6) -> 0 | AI8: =IF(AI6=0,0%,AI7/AI6) -> 0 | AN8: =IF(AN6=0,0%,AN7/AN6) -> 0 | AS8: =IF(AS6=0,0%,AS7/AS6) -> 0 | AX8: =IF(AX6=0,0%,AX7/AX6) -> 0 | BC8: =IF(BC6=0,0%,BC7/BC6) -> 0 | BH8: =IF(BH6=0,0%,BH7/BH6) -> 0 | BM8: =IF(BM6=0,0%,BM7/BM6) -> 0
A9: 入库良率 | B9: =_xlfn.IFNA(VLOOKUP($A9,批次辅助!$A$4:$DC$41,MATCH($A$5&B$4,批次辅助!$A$1:$DC$1,0),0),0) -> 0.80730571 | C9: =_xlfn.IFNA(VLOOKUP($A9,批次辅助!$A$4:$DC$41,MATCH($A$5&C$4,批次辅助!$A$1:$DC$1,0),0),0) -> 0.83181254 | D9: =_xlfn.IFNA(VLOOKUP($A9,批次辅助!$A$4:$DC$41,MATCH($A$5&D$4,批次辅助!$A$1:$DC$1,0),0),0) -> 0 | H9: =H10-H19-H27-H28-H36-H37-H44-H45 -> 0.86076798 | M9: =M10-M19-M27-M28-M36-M37-M44-M45 -> 0.86076798 | R9: =R10-R19-R27-R28-R36-R37-R44-R45 -> 0.86076798 | W9: =W10-W19-W27-W28-W36-W37-W44-W45 -> 0.86076798 | AB9: =AB10-AB19-AB27-AB28-AB36-AB37-AB44-AB45 -> 0.86076798 | AG9: =AG10-AG19-AG27-AG28-AG36-AG37-AG44-AG45 -> 0.86076798 | AL9: =AL10-AL19-AL27-AL28-AL36-AL37-AL44-AL45 -> 0.86076798 | AQ9: =AQ10-AQ19-AQ27-AQ28-AQ36-AQ37-AQ44-AQ45 -> 0.86076798 | AV9: =AV10-AV19-AV27-AV28-AV36-AV37-AV44-AV45 -> 0.86076798 | BA9: =BA10-BA19-BA27-BA28-BA36-BA37-BA44-BA45 -> 0.86076798 | BF9: =BF10-BF19-BF27-BF28-BF36-BF37-BF44-BF45 -> 0.86076798 | BK9: =BK10-BK19-BK27-BK28-BK36-BK37-BK44-BK45 -> 0.86076798 | BP9: =BP10-BP19-BP27-BP28-BP36-BP37-BP44-BP45 -> 0.86076798
A10: 屏体良率 | B10: =B9+B19+B27+B28+B36+B37+B44+B45 -> 0.85705886 | C10: =C9+C19+C27+C28+C36+C37+C44+C45 -> 0.84960031 | D10: =D9+D19+D27+D28+D36+D37+D44+D45 -> 0 | H10: =(H12+H21+H30+H39)*99.94%-3 -> 0.86575575 | M10: =(M12+M21+M30+M39)*99.94%-3 -> 0.86575575 | R10: =(R12+R21+R30+R39)*99.94%-3 -> 0.86575575 | W10: =(W12+W21+W30+W39)*99.94%-3 -> 0.86575575 | AB10: =(AB12+AB21+AB30+AB39)*99.94%-3 -> 0.86575575 | AG10: =(AG12+AG21+AG30+AG39)*99.94%-3 -> 0.86575575 | AL10: =(AL12+AL21+AL30+AL39)*99.94%-3 -> 0.86575575 | AQ10: =(AQ12+AQ21+AQ30+AQ39)*99.94%-3 -> 0.86575575 | AV10: =(AV12+AV21+AV30+AV39)*99.94%-3 -> 0.86575575 | BA10: =(BA12+BA21+BA30+BA39)*99.94%-3 -> 0.86575575 | BF10: =(BF12+BF21+BF30+BF39)*99.94%-3 -> 0.86575575 | BK10: =(BK12+BK21+BK30+BK39)*99.94%-3 -> 0.86575575 | BP10: =(BP12+BP21+BP30+BP39)*99.94%-3 -> 0.86575575
A11: Array | H11: =H12*99.9% -> 0.88887436 | M11: =M12*99.9% -> 0.88887436 | R11: =R12*99.9% -> 0.88887436 | W11: =W12*99.9% -> 0.88887436 | AB11: =AB12*99.9% -> 0.88887436 | AG11: =AG12*99.9% -> 0.88887436 | AL11: =AL12*99.9% -> 0.88887436 | AQ11: =AQ12*99.9% -> 0.88887436 | AV11: =AV12*99.9% -> 0.88887436 | BA11: =BA12*99.9% -> 0.88887436 | BF11: =BF12*99.9% -> 0.88887436 | BK11: =BK12*99.9% -> 0.88887436 | BP11: =BP12*99.9% -> 0.88887436
A12: ARRAY还原入库良率 | B12: =_xlfn.IFNA(VLOOKUP($A12,批次辅助!$A$4:$DC$41,MATCH($A$5&B$4,批次辅助!$A$1:$DC$1,0),0),0) -> 0.87677928 | C12: =_xlfn.IFNA(VLOOKUP($A12,批次辅助!$A$4:$DC$41,MATCH($A$5&C$4,批次辅助!$A$1:$DC$1,0),0),0) -> 0.88873681 | D12: =_xlfn.IFNA(VLOOKUP($A12,批次辅助!$A$4:$DC$41,MATCH($A$5&D$4,批次辅助!$A$1:$DC$1,0),0),0) -> 0 | H12: =1-SUM(H13:H18) -> 0.88976412 | M12: =1-SUM(M13:M18) -> 0.88976412 | R12: =1-SUM(R13:R18) -> 0.88976412 | W12: =1-SUM(W13:W18) -> 0.88976412 | AB12: =1-SUM(AB13:AB18) -> 0.88976412 | AG12: =1-SUM(AG13:AG18) -> 0.88976412 | AL12: =1-SUM(AL13:AL18) -> 0.88976412 | AQ12: =1-SUM(AQ13:AQ18) -> 0.88976412 | AV12: =1-SUM(AV13:AV18) -> 0.88976412 | BA12: =1-SUM(BA13:BA18) -> 0.88976412 | BF12: =1-SUM(BF13:BF18) -> 0.88976412 | BK12: =1-SUM(BK13:BK18) -> 0.88976412 | BP12: =1-SUM(BP13:BP18) -> 0.88976412
A13: Array_AD | B13: =_xlfn.IFNA(VLOOKUP($A13,批次辅助!$A$4:$DC$41,MATCH($A$5&B$4,批次辅助!$A$1:$DC$1,0),0),0) -> 0.033283408 | C13: =_xlfn.IFNA(VLOOKUP($A13,批次辅助!$A$4:$DC$41,MATCH($A$5&C$4,批次辅助!$A$1:$DC$1,0),0),0) -> 0.027479826 | D13: =_xlfn.IFNA(VLOOKUP($A13,批次辅助!$A$4:$DC$41,MATCH($A$5&D$4,批次辅助!$A$1:$DC$1,0),0),0) -> 0 | H13: =C13-F13+G13 -> 0.027479826 | M13: =H13-K13+L13 -> 0.027479826 | R13: =M13-P13+Q13 -> 0.027479826 | W13: =R13-U13+V13 -> 0.027479826 | AB13: =W13-Z13+AA13 -> 0.027479826 | AG13: =AB13-AE13+AF13 -> 0.027479826 | AL13: =AG13-AJ13+AK13 -> 0.027479826 | AQ13: =AL13-AO13+AP13 -> 0.027479826 | AV13: =AQ13-AT13+AU13 -> 0.027479826 | BA13: =AV13-AY13+AZ13 -> 0.027479826 | BF13: =BA13-BD13+BE13 -> 0.027479826 | BK13: =BF13-BI13+BJ13 -> 0.027479826 | BP13: =BK13-BN13+BO13 -> 0.027479826
A14: Array_Line | B14: =_xlfn.IFNA(VLOOKUP($A14,批次辅助!$A$4:$DC$41,MATCH($A$5&B$4,批次辅助!$A$1:$DC$1,0),0),0) -> 0.037294059 | C14: =_xlfn.IFNA(VLOOKUP($A14,批次辅助!$A$4:$DC$41,MATCH($A$5&C$4,批次辅助!$A$1:$DC$1,0),0),0) -> 0.033190565 | D14: =_xlfn.IFNA(VLOOKUP($A14,批次辅助!$A$4:$DC$41,MATCH($A$5&D$4,批次辅助!$A$1:$DC$1,0),0),0) -> 0 | H14: =C14-F14+G14 -> 0.033190565 | M14: =H14-K14+L14 -> 0.033190565 | R14: =M14-P14+Q14 -> 0.033190565 | W14: =R14-U14+V14 -> 0.033190565 | AB14: =W14-Z14+AA14 -> 0.033190565 | AG14: =AB14-AE14+AF14 -> 0.033190565 | AL14: =AG14-AJ14+AK14 -> 0.033190565 | AQ14: =AL14-AO14+AP14 -> 0.033190565 | AV14: =AQ14-AT14+AU14 -> 0.033190565 | BA14: =AV14-AY14+AZ14 -> 0.033190565 | BF14: =BA14-BD14+BE14 -> 0.033190565 | BK14: =BF14-BI14+BJ14 -> 0.033190565 | BP14: =BK14-BN14+BO14 -> 0.033190565
A15: Array_Mura | B15: =_xlfn.IFNA(VLOOKUP($A15,批次辅助!$A$4:$DC$41,MATCH($A$5&B$4,批次辅助!$A$1:$DC$1,0),0),0) -> 0.0052754202 | C15: =_xlfn.IFNA(VLOOKUP($A15,批次辅助!$A$4:$DC$41,MATCH($A$5&C$4,批次辅助!$A$1:$DC$1,0),0),0) -> 0.0092302917 | D15: =_xlfn.IFNA(VLOOKUP($A15,批次辅助!$A$4:$DC$41,MATCH($A$5&D$4,批次辅助!$A$1:$DC$1,0),0),0) -> 0 | E15: 1F400 2#液刀导致IGZO偏小导致常暗黑斑Mura和S向带状Mura改善，清洁无效@1/31，目前做转向验证，预计3/18出结果 | H15: =C15-F15+G15 -> 0.0092302917 | M15: =H15-K15+L15 -> 0.0092302917 | R15: =M15-P15+Q15 -> 0.0092302917 | W15: =R15-U15+V15 -> 0.0092302917 | AB15: =W15-Z15+AA15 -> 0.0092302917 | AG15: =AB15-AE15+AF15 -> 0.0092302917 | AL15: =AG15-AJ15+AK15 -> 0.0092302917 | AQ15: =AL15-AO15+AP15 -> 0.0092302917 | AV15: =AQ15-AT15+AU15 -> 0.0092302917 | BA15: =AV15-AY15+AZ15 -> 0.0092302917 | BF15: =BA15-BD15+BE15 -> 0.0092302917 | BK15: =BF15-BI15+BJ15 -> 0.0092302917 | BP15: =BK15-BN15+BO15 -> 0.0092302917
A16: Array_Pixel | B16: =_xlfn.IFNA(VLOOKUP($A16,批次辅助!$A$4:$DC$41,MATCH($A$5&B$4,批次辅助!$A$1:$DC$1,0),0),0) -> 0.029294946 | C16: =_xlfn.IFNA(VLOOKUP($A16,批次辅助!$A$4:$DC$41,MATCH($A$5&C$4,批次辅助!$A$1:$DC$1,0),0),0) -> 0.03097455 | D16: =_xlfn.IFNA(VLOOKUP($A16,批次辅助!$A$4:$DC$41,MATCH($A$5&D$4,批次辅助!$A$1:$DC$1,0),0),0) -> 0 | H16: =C16-F16+G16 -> 0.03097455 | M16: =H16-K16+L16 -> 0.03097455 | R16: =M16-P16+Q16 -> 0.03097455 | W16: =R16-U16+V16 -> 0.03097455 | AB16: =W16-Z16+AA16 -> 0.03097455 | AG16: =AB16-AE16+AF16 -> 0.03097455 | AL16: =AG16-AJ16+AK16 -> 0.03097455 | AQ16: =AL16-AO16+AP16 -> 0.03097455 | AV16: =AQ16-AT16+AU16 -> 0.03097455 | BA16: =AV16-AY16+AZ16 -> 0.03097455 | BF16: =BA16-BD16+BE16 -> 0.03097455 | BK16: =BF16-BI16+BJ16 -> 0.03097455 | BP16: =BK16-BN16+BO16 -> 0.03097455
A17: ARRAY_RS查杀 | B17: =_xlfn.IFNA(VLOOKUP($A17,批次辅助!$A$4:$DC$41,MATCH($A$5&B$4,批次辅助!$A$1:$DC$1,0),0),0) -> 0.0073667277 | C17: =_xlfn.IFNA(VLOOKUP($A17,批次辅助!$A$4:$DC$41,MATCH($A$5&C$4,批次辅助!$A$1:$DC$1,0),0),0) -> 0.0087585351 | D17: =_xlfn.IFNA(VLOOKUP($A17,批次辅助!$A$4:$DC$41,MATCH($A$5&D$4,批次辅助!$A$1:$DC$1,0),0),0) -> 0 | H17: =C17-F17+G17 -> 0.0087585351 | M17: =H17-K17+L17 -> 0.0087585351 | R17: =M17-P17+Q17 -> 0.0087585351 | W17: =R17-U17+V17 -> 0.0087585351 | AB17: =W17-Z17+AA17 -> 0.0087585351 | AG17: =AB17-AE17+AF17 -> 0.0087585351 | AL17: =AG17-AJ17+AK17 -> 0.0087585351 | AQ17: =AL17-AO17+AP17 -> 0.0087585351 | AV17: =AQ17-AT17+AU17 -> 0.0087585351 | BA17: =AV17-AY17+AZ17 -> 0.0087585351 | BF17: =BA17-BD17+BE17 -> 0.0087585351 | BK17: =BF17-BI17+BJ17 -> 0.0087585351 | BP17: =BK17-BN17+BO17 -> 0.0087585351
A18: ARRAY其他 | B18: =_xlfn.IFNA(VLOOKUP($A18,批次辅助!$A$4:$DC$41,MATCH($A$5&B$4,批次辅助!$A$1:$DC$1,0),0),0) -> 0.00019415321 | C18: =_xlfn.IFNA(VLOOKUP($A18,批次辅助!$A$4:$DC$41,MATCH($A$5&C$4,批次辅助!$A$1:$DC$1,0),0),0) -> 0.00060211049 | D18: =_xlfn.IFNA(VLOOKUP($A18,批次辅助!$A$4:$DC$41,MATCH($A$5&D$4,批次辅助!$A$1:$DC$1,0),0),0) -> 0 | H18: =C18-F18+G18 -> 0.00060211049 | M18: =H18-K18+L18 -> 0.00060211049 | R18: =M18-P18+Q18 -> 0.00060211049 | W18: =R18-U18+V18 -> 0.00060211049 | AB18: =W18-Z18+AA18 -> 0.00060211049 | AG18: =AB18-AE18+AF18 -> 0.00060211049 | AL18: =AG18-AJ18+AK18 -> 0.00060211049 | AQ18: =AL18-AO18+AP18 -> 0.00060211049 | AV18: =AQ18-AT18+AU18 -> 0.00060211049 | BA18: =AV18-AY18+AZ18 -> 0.00060211049 | BF18: =BA18-BD18+BE18 -> 0.00060211049 | BK18: =BF18-BI18+BJ18 -> 0.00060211049 | BP18: =BK18-BN18+BO18 -> 0.00060211049
A19: 风险品（Array） | B19: =_xlfn.IFNA(VLOOKUP($A19,批次辅助!$A$4:$DC$41,MATCH($A$5&B$4,批次辅助!$A$1:$DC$1,0),0),0) -> 0.010656238 | C19: =_xlfn.IFNA(VLOOKUP($A19,批次辅助!$A$4:$DC$41,MATCH($A$5&C$4,批次辅助!$A$1:$DC$1,0),0),0) -> 0 | D19: =_xlfn.IFNA(VLOOKUP($A19,批次辅助!$A$4:$DC$41,MATCH($A$5&D$4,批次辅助!$A$1:$DC$1,0),0),0) -> 0 | H19: =C19-F19+G19 -> 0 | M19: =H19-K19+L19 -> 0 | R19: =M19-P19+Q19 -> 0 | W19: =R19-U19+V19 -> 0 | AB19: =W19-Z19+AA19 -> 0 | AG19: =AB19-AE19+AF19 -> 0 | AL19: =AG19-AJ19+AK19 -> 0 | AQ19: =AL19-AO19+AP19 -> 0 | AV19: =AQ19-AT19+AU19 -> 0 | BA19: =AV19-AY19+AZ19 -> 0 | BF19: =BA19-BD19+BE19 -> 0 | BK19: =BF19-BI19+BJ19 -> 0 | BP19: =BK19-BN19+BO19 -> 0
A20: OLED | H20: =H21*99.9% -> 0.98871483 | M20: =M21*99.9% -> 0.98871483 | R20: =R21*99.9% -> 0.98871483 | W20: =W21*99.9% -> 0.98871483 | AB20: =AB21*99.9% -> 0.98871483 | AG20: =AG21*99.9% -> 0.98871483 | AL20: =AL21*99.9% -> 0.98871483 | AQ20: =AQ21*99.9% -> 0.98871483 | AV20: =AV21*99.9% -> 0.98871483 | BA20: =BA21*99.9% -> 0.98871483 | BF20: =BF21*99.9% -> 0.98871483 | BK20: =BK21*99.9% -> 0.98871483 | BP20: =BP21*99.9% -> 0.98871483
A21: OLED还原入库良率 | B21: =_xlfn.IFNA(VLOOKUP($A21,批次辅助!$A$4:$DC$41,MATCH($A$5&B$4,批次辅助!$A$1:$DC$1,0),0),0) -> 0.97245243 | C21: =_xlfn.IFNA(VLOOKUP($A21,批次辅助!$A$4:$DC$41,MATCH($A$5&C$4,批次辅助!$A$1:$DC$1,0),0),0) -> 0.96191496 | D21: =_xlfn.IFNA(VLOOKUP($A21,批次辅助!$A$4:$DC$41,MATCH($A$5&D$4,批次辅助!$A$1:$DC$1,0),0),0) -> 0 | H21: =1-SUM(H22:H26) -> 0.98970453 | M21: =1-SUM(M22:M26) -> 0.98970453 | R21: =1-SUM(R22:R26) -> 0.98970453 | W21: =1-SUM(W22:W26) -> 0.98970453 | AB21: =1-SUM(AB22:AB26) -> 0.98970453 | AG21: =1-SUM(AG22:AG26) -> 0.98970453 | AL21: =1-SUM(AL22:AL26) -> 0.98970453 | AQ21: =1-SUM(AQ22:AQ26) -> 0.98970453 | AV21: =1-SUM(AV22:AV26) -> 0.98970453 | BA21: =1-SUM(BA22:BA26) -> 0.98970453 | BF21: =1-SUM(BF22:BF26) -> 0.98970453 | BK21: =1-SUM(BK22:BK26) -> 0.98970453 | BP21: =1-SUM(BP22:BP26) -> 0.98970453
A22: OLED_Mura | B22: =_xlfn.IFNA(VLOOKUP($A22,批次辅助!$A$4:$DC$41,MATCH($A$5&B$4,批次辅助!$A$1:$DC$1,0),0),0) -> 0.0046374882 | C22: =_xlfn.IFNA(VLOOKUP($A22,批次辅助!$A$4:$DC$41,MATCH($A$5&C$4,批次辅助!$A$1:$DC$1,0),0),0) -> 0.0050465549 | D22: =_xlfn.IFNA(VLOOKUP($A22,批次辅助!$A$4:$DC$41,MATCH($A$5&D$4,批次辅助!$A$1:$DC$1,0),0),0) -> 0 | H22: =C22-F22+G22 -> 0.0050465549 | M22: =H22-K22+L22 -> 0.0050465549 | R22: =M22-P22+Q22 -> 0.0050465549 | W22: =R22-U22+V22 -> 0.0050465549 | Y22: / | AB22: =W22-Z22+AA22 -> 0.0050465549 | AD22: / | AG22: =AB22-AE22+AF22 -> 0.0050465549 | AI22: / | AL22: =AG22-AJ22+AK22 -> 0.0050465549 | AN22: / | AQ22: =AL22-AO22+AP22 -> 0.0050465549 | AS22: / | AV22: =AQ22-AT22+AU22 -> 0.0050465549 | AX22: / | BA22: =AV22-AY22+AZ22 -> 0.0050465549 | BC22: / | BF22: =BA22-BD22+BE22 -> 0.0050465549 | BH22: / | BK22: =BF22-BI22+BJ22 -> 0.0050465549 | BM22: / | BP22: =BK22-BN22+BO22 -> 0.0050465549
A23: OLED_RS查杀 | B23: =_xlfn.IFNA(VLOOKUP($A23,批次辅助!$A$4:$DC$41,MATCH($A$5&B$4,批次辅助!$A$1:$DC$1,0),0),0) -> 0.0023187441 | C23: =_xlfn.IFNA(VLOOKUP($A23,批次辅助!$A$4:$DC$41,MATCH($A$5&C$4,批次辅助!$A$1:$DC$1,0),0),0) -> 0.0029795158 | D23: =_xlfn.IFNA(VLOOKUP($A23,批次辅助!$A$4:$DC$41,MATCH($A$5&D$4,批次辅助!$A$1:$DC$1,0),0),0) -> 0 | H23: =C23-F23+G23 -> 0.0029795158 | M23: =H23-K23+L23 -> 0.0029795158 | R23: =M23-P23+Q23 -> 0.0029795158 | W23: =R23-U23+V23 -> 0.0029795158 | Y23: / | AB23: =W23-Z23+AA23 -> 0.0029795158 | AD23: / | AG23: =AB23-AE23+AF23 -> 0.0029795158 | AI23: / | AL23: =AG23-AJ23+AK23 -> 0.0029795158 | AN23: / | AQ23: =AL23-AO23+AP23 -> 0.0029795158 | AS23: / | AV23: =AQ23-AT23+AU23 -> 0.0029795158 | AX23: / | BA23: =AV23-AY23+AZ23 -> 0.0029795158 | BC23: / | BF23: =BA23-BD23+BE23 -> 0.0029795158 | BH23: / | BK23: =BF23-BI23+BJ23 -> 0.0029795158 | BM23: / | BP23: =BK23-BN23+BO23 -> 0.0029795158
A24: OLED_色偏 | B24: =_xlfn.IFNA(VLOOKUP($A24,批次辅助!$A$4:$DC$41,MATCH($A$5&B$4,批次辅助!$A$1:$DC$1,0),0),0) -> 0 | C24: =_xlfn.IFNA(VLOOKUP($A24,批次辅助!$A$4:$DC$41,MATCH($A$5&C$4,批次辅助!$A$1:$DC$1,0),0),0) -> 0 | D24: =_xlfn.IFNA(VLOOKUP($A24,批次辅助!$A$4:$DC$41,MATCH($A$5&D$4,批次辅助!$A$1:$DC$1,0),0),0) -> 0 | H24: =C24-F24+G24 -> 0 | M24: =H24-K24+L24 -> 0 | R24: =M24-P24+Q24 -> 0 | W24: =R24-U24+V24 -> 0 | Y24: / | AB24: =W24-Z24+AA24 -> 0 | AD24: / | AG24: =AB24-AE24+AF24 -> 0 | AI24: / | AL24: =AG24-AJ24+AK24 -> 0 | AN24: / | AQ24: =AL24-AO24+AP24 -> 0 | AS24: / | AV24: =AQ24-AT24+AU24 -> 0 | AX24: / | BA24: =AV24-AY24+AZ24 -> 0 | BC24: / | BF24: =BA24-BD24+BE24 -> 0 | BH24: / | BK24: =BF24-BI24+BJ24 -> 0 | BM24: / | BP24: =BK24-BN24+BO24 -> 0
A25: OLED其他 | B25: =_xlfn.IFNA(VLOOKUP($A25,批次辅助!$A$4:$DC$41,MATCH($A$5&B$4,批次辅助!$A$1:$DC$1,0),0),0) -> 0.004631941 | C25: =_xlfn.IFNA(VLOOKUP($A25,批次辅助!$A$4:$DC$41,MATCH($A$5&C$4,批次辅助!$A$1:$DC$1,0),0),0) -> 0.016269398 | D25: =_xlfn.IFNA(VLOOKUP($A25,批次辅助!$A$4:$DC$41,MATCH($A$5&D$4,批次辅助!$A$1:$DC$1,0),0),0) -> 0 | E25: 来料翘曲改善到0.25% | F25: 0.014 | H25: =C25-F25+G25 -> 0.0022693979 | M25: =H25-K25+L25 -> 0.0022693979 | R25: =M25-P25+Q25 -> 0.0022693979 | W25: =R25-U25+V25 -> 0.0022693979 | AB25: =W25-Z25+AA25 -> 0.0022693979 | AG25: =AB25-AE25+AF25 -> 0.0022693979 | AL25: =AG25-AJ25+AK25 -> 0.0022693979 | AQ25: =AL25-AO25+AP25 -> 0.0022693979 | AV25: =AQ25-AT25+AU25 -> 0.0022693979 | BA25: =AV25-AY25+AZ25 -> 0.0022693979 | BF25: =BA25-BD25+BE25 -> 0.0022693979 | BK25: =BF25-BI25+BJ25 -> 0.0022693979 | BP25: =BK25-BN25+BO25 -> 0.0022693979
A26: OLED_开发责 | B26: =_xlfn.IFNA(VLOOKUP($A26,批次辅助!$A$4:$DC$41,MATCH($A$5&B$4,批次辅助!$A$1:$DC$1,0),0),0) -> 0 | C26: =_xlfn.IFNA(VLOOKUP($A26,批次辅助!$A$4:$DC$41,MATCH($A$5&C$4,批次辅助!$A$1:$DC$1,0),0),0) -> 0 | D26: =_xlfn.IFNA(VLOOKUP($A26,批次辅助!$A$4:$DC$41,MATCH($A$5&D$4,批次辅助!$A$1:$DC$1,0),0),0) -> 0 | H26: =C26-F26+G26 -> 0 | M26: =H26-K26+L26 -> 0 | R26: =M26-P26+Q26 -> 0 | W26: =R26-U26+V26 -> 0 | AB26: =W26-Z26+AA26 -> 0 | AG26: =AB26-AE26+AF26 -> 0 | AL26: =AG26-AJ26+AK26 -> 0 | AQ26: =AL26-AO26+AP26 -> 0 | AV26: =AQ26-AT26+AU26 -> 0 | BA26: =AV26-AY26+AZ26 -> 0 | BF26: =BA26-BD26+BE26 -> 0 | BK26: =BF26-BI26+BJ26 -> 0 | BP26: =BK26-BN26+BO26 -> 0
A27: 风险品（OLED) | B27: =_xlfn.IFNA(VLOOKUP($A27,批次辅助!$A$4:$DC$41,MATCH($A$5&B$4,批次辅助!$A$1:$DC$1,0),0),0) -> 0.015959394 | C27: =_xlfn.IFNA(VLOOKUP($A27,批次辅助!$A$4:$DC$41,MATCH($A$5&C$4,批次辅助!$A$1:$DC$1,0),0),0) -> 0.012687772 | D27: =_xlfn.IFNA(VLOOKUP($A27,批次辅助!$A$4:$DC$41,MATCH($A$5&D$4,批次辅助!$A$1:$DC$1,0),0),0) -> 0 | E27: SPC划伤风险0.5%，目前无改善方案，只能静置后检出 | F27: 0.0077 | H27: =C27-F27+G27 -> 0.0049877716 | M27: =H27-K27+L27 -> 0.0049877716 | R27: =M27-P27+Q27 -> 0.0049877716 | W27: =R27-U27+V27 -> 0.0049877716 | AB27: =W27-Z27+AA27 -> 0.0049877716 | AG27: =AB27-AE27+AF27 -> 0.0049877716 | AL27: =AG27-AJ27+AK27 -> 0.0049877716 | AQ27: =AL27-AO27+AP27 -> 0.0049877716 | AV27: =AQ27-AT27+AU27 -> 0.0049877716 | BA27: =AV27-AY27+AZ27 -> 0.0049877716 | BF27: =BA27-BD27+BE27 -> 0.0049877716 | BK27: =BF27-BI27+BJ27 -> 0.0049877716 | BP27: =BK27-BN27+BO27 -> 0.0049877716
A28: 风险品（ 未分责）
A29: TP屏体 | H29: =H30*99.96% -> 0.99040281 | M29: =M30*99.96% -> 0.99040281 | R29: =R30*99.96% -> 0.99040281 | W29: =W30*99.96% -> 0.99040281 | AB29: =AB30*99.96% -> 0.99040281 | AG29: =AG30*99.96% -> 0.99040281 | AL29: =AL30*99.96% -> 0.99040281 | AQ29: =AQ30*99.96% -> 0.99040281 | AV29: =AV30*99.96% -> 0.99040281 | BA29: =BA30*99.96% -> 0.99040281 | BF29: =BF30*99.96% -> 0.99040281 | BK29: =BK30*99.96% -> 0.99040281 | BP29: =BP30*99.96% -> 0.99040281
A30: TP还原入库良率 | B30: =_xlfn.IFNA(VLOOKUP($A30,批次辅助!$A$4:$DC$41,MATCH($A$5&B$4,批次辅助!$A$1:$DC$1,0),0),0) -> 0.98000777 | C30: =_xlfn.IFNA(VLOOKUP($A30,批次辅助!$A$4:$DC$41,MATCH($A$5&C$4,批次辅助!$A$1:$DC$1,0),0),0) -> 0.98446927 | D30: =_xlfn.IFNA(VLOOKUP($A30,批次辅助!$A$4:$DC$41,MATCH($A$5&D$4,批次辅助!$A$1:$DC$1,0),0),0) -> 0 | H30: =1-SUM(H31:H35) -> 0.99079913 | M30: =1-SUM(M31:M35) -> 0.99079913 | R30: =1-SUM(R31:R35) -> 0.99079913 | W30: =1-SUM(W31:W35) -> 0.99079913 | AB30: =1-SUM(AB31:AB35) -> 0.99079913 | AG30: =1-SUM(AG31:AG35) -> 0.99079913 | AL30: =1-SUM(AL31:AL35) -> 0.99079913 | AQ30: =1-SUM(AQ31:AQ35) -> 0.99079913 | AV30: =1-SUM(AV31:AV35) -> 0.99079913 | BA30: =1-SUM(BA31:BA35) -> 0.99079913 | BF30: =1-SUM(BF31:BF35) -> 0.99079913 | BK30: =1-SUM(BK31:BK35) -> 0.99079913 | BP30: =1-SUM(BP31:BP35) -> 0.99079913
A31: TP_NG | B31: =_xlfn.IFNA(VLOOKUP($A31,批次辅助!$A$4:$DC$41,MATCH($A$5&B$4,批次辅助!$A$1:$DC$1,0),0),0) -> 0 | C31: =_xlfn.IFNA(VLOOKUP($A31,批次辅助!$A$4:$DC$41,MATCH($A$5&C$4,批次辅助!$A$1:$DC$1,0),0),0) -> 0 | D31: =_xlfn.IFNA(VLOOKUP($A31,批次辅助!$A$4:$DC$41,MATCH($A$5&D$4,批次辅助!$A$1:$DC$1,0),0),0) -> 0 | H31: =C31-F31+G31 -> 0 | M31: =H31-K31+L31 -> 0 | O31: / | R31: =M31-P31+Q31 -> 0 | T31: / | W31: =R31-U31+V31 -> 0 | Y31: / | AB31: =W31-Z31+AA31 -> 0 | AD31: / | AG31: =AB31-AE31+AF31 -> 0 | AI31: / | AL31: =AG31-AJ31+AK31 -> 0 | AN31: / | AQ31: =AL31-AO31+AP31 -> 0 | AS31: / | AV31: =AQ31-AT31+AU31 -> 0 | AX31: / | BA31: =AV31-AY31+AZ31 -> 0 | BC31: / | BF31: =BA31-BD31+BE31 -> 0 | BH31: / | BK31: =BF31-BI31+BJ31 -> 0 | BM31: / | BP31: =BK31-BN31+BO31 -> 0
A32: TP_Short NG | B32: =_xlfn.IFNA(VLOOKUP($A32,批次辅助!$A$4:$DC$41,MATCH($A$5&B$4,批次辅助!$A$1:$DC$1,0),0),0) -> 0.0018472292 | C32: =_xlfn.IFNA(VLOOKUP($A32,批次辅助!$A$4:$DC$41,MATCH($A$5&C$4,批次辅助!$A$1:$DC$1,0),0),0) -> 0.0033954066 | D32: =_xlfn.IFNA(VLOOKUP($A32,批次辅助!$A$4:$DC$41,MATCH($A$5&D$4,批次辅助!$A$1:$DC$1,0),0),0) -> 0 | H32: =C32-F32+G32 -> 0.0033954066 | M32: =H32-K32+L32 -> 0.0033954066 | R32: =M32-P32+Q32 -> 0.0033954066 | W32: =R32-U32+V32 -> 0.0033954066 | AB32: =W32-Z32+AA32 -> 0.0033954066 | AG32: =AB32-AE32+AF32 -> 0.0033954066 | AL32: =AG32-AJ32+AK32 -> 0.0033954066 | AQ32: =AL32-AO32+AP32 -> 0.0033954066 | AV32: =AQ32-AT32+AU32 -> 0.0033954066 | BA32: =AV32-AY32+AZ32 -> 0.0033954066 | BF32: =BA32-BD32+BE32 -> 0.0033954066 | BK32: =BF32-BI32+BJ32 -> 0.0033954066 | BP32: =BK32-BN32+BO32 -> 0.0033954066
A33: TP 容值NG | B33: =_xlfn.IFNA(VLOOKUP($A33,批次辅助!$A$4:$DC$41,MATCH($A$5&B$4,批次辅助!$A$1:$DC$1,0),0),0) -> 0.0006712154 | C33: =_xlfn.IFNA(VLOOKUP($A33,批次辅助!$A$4:$DC$41,MATCH($A$5&C$4,批次辅助!$A$1:$DC$1,0),0),0) -> 0.0029919305 | D33: =_xlfn.IFNA(VLOOKUP($A33,批次辅助!$A$4:$DC$41,MATCH($A$5&D$4,批次辅助!$A$1:$DC$1,0),0),0) -> 0 | H33: =C33-F33+G33 -> 0.0029919305 | M33: =H33-K33+L33 -> 0.0029919305 | R33: =M33-P33+Q33 -> 0.0029919305 | W33: =R33-U33+V33 -> 0.0029919305 | AB33: =W33-Z33+AA33 -> 0.0029919305 | AG33: =AB33-AE33+AF33 -> 0.0029919305 | AL33: =AG33-AJ33+AK33 -> 0.0029919305 | AQ33: =AL33-AO33+AP33 -> 0.0029919305 | AV33: =AQ33-AT33+AU33 -> 0.0029919305 | BA33: =AV33-AY33+AZ33 -> 0.0029919305 | BF33: =BA33-BD33+BE33 -> 0.0029919305 | BK33: =BF33-BI33+BJ33 -> 0.0029919305 | BP33: =BK33-BN33+BO33 -> 0.0029919305
A34: TP_RS查杀 | B34: =_xlfn.IFNA(VLOOKUP($A34,批次辅助!$A$4:$DC$41,MATCH($A$5&B$4,批次辅助!$A$1:$DC$1,0),0),0) -> 0.0013257891 | C34: =_xlfn.IFNA(VLOOKUP($A34,批次辅助!$A$4:$DC$41,MATCH($A$5&C$4,批次辅助!$A$1:$DC$1,0),0),0) -> 0.0013904407 | D34: =_xlfn.IFNA(VLOOKUP($A34,批次辅助!$A$4:$DC$41,MATCH($A$5&D$4,批次辅助!$A$1:$DC$1,0),0),0) -> 0 | H34: =C34-F34+G34 -> 0.0013904407 | M34: =H34-K34+L34 -> 0.0013904407 | O34: / | R34: =M34-P34+Q34 -> 0.0013904407 | T34: / | W34: =R34-U34+V34 -> 0.0013904407 | Y34: / | AB34: =W34-Z34+AA34 -> 0.0013904407 | AD34: / | AG34: =AB34-AE34+AF34 -> 0.0013904407 | AI34: / | AL34: =AG34-AJ34+AK34 -> 0.0013904407 | AN34: / | AQ34: =AL34-AO34+AP34 -> 0.0013904407 | AS34: / | AV34: =AQ34-AT34+AU34 -> 0.0013904407 | AX34: / | BA34: =AV34-AY34+AZ34 -> 0.0013904407 | BC34: / | BF34: =BA34-BD34+BE34 -> 0.0013904407 | BH34: / | BK34: =BF34-BI34+BJ34 -> 0.0013904407 | BM34: / | BP34: =BK34-BN34+BO34 -> 0.0013904407
A35: TP其他 | B35: =_xlfn.IFNA(VLOOKUP($A35,批次辅助!$A$4:$DC$41,MATCH($A$5&B$4,批次辅助!$A$1:$DC$1,0),0),0) -> 0.0041271426 | C35: =_xlfn.IFNA(VLOOKUP($A35,批次辅助!$A$4:$DC$41,MATCH($A$5&C$4,批次辅助!$A$1:$DC$1,0),0),0) -> 0.0048230912 | D35: =_xlfn.IFNA(VLOOKUP($A35,批次辅助!$A$4:$DC$41,MATCH($A$5&D$4,批次辅助!$A$1:$DC$1,0),0),0) -> 0 | E35: 降等TP责 | F35: 0.0034 | H35: =C35-F35+G35 -> 0.0014230912 | M35: =H35-K35+L35 -> 0.0014230912 | R35: =M35-P35+Q35 -> 0.0014230912 | T35: / | W35: =R35-U35+V35 -> 0.0014230912 | Y35: / | AB35: =W35-Z35+AA35 -> 0.0014230912 | AD35: / | AG35: =AB35-AE35+AF35 -> 0.0014230912 | AI35: / | AL35: =AG35-AJ35+AK35 -> 0.0014230912 | AN35: / | AQ35: =AL35-AO35+AP35 -> 0.0014230912 | AS35: / | AV35: =AQ35-AT35+AU35 -> 0.0014230912 | AX35: / | BA35: =AV35-AY35+AZ35 -> 0.0014230912 | BC35: / | BF35: =BA35-BD35+BE35 -> 0.0014230912 | BH35: / | BK35: =BF35-BI35+BJ35 -> 0.0014230912 | BM35: / | BP35: =BK35-BN35+BO35 -> 0.0014230912
A36: 风险品（TP) | B36: =_xlfn.IFNA(VLOOKUP($A36,批次辅助!$A$4:$DC$41,MATCH($A$5&B$4,批次辅助!$A$1:$DC$1,0),0),0) -> 0.012020858 | C36: =_xlfn.IFNA(VLOOKUP($A36,批次辅助!$A$4:$DC$41,MATCH($A$5&C$4,批次辅助!$A$1:$DC$1,0),0),0) -> 0.0051 | D36: =_xlfn.IFNA(VLOOKUP($A36,批次辅助!$A$4:$DC$41,MATCH($A$5&D$4,批次辅助!$A$1:$DC$1,0),0),0) -> 0 | E36: TP 膜破影响 | F36: =C36 -> 0.0051 | H36: =C36-F36+G36 -> 0 | M36: =H36-K36+L36 -> 0 | R36: =M36-P36+Q36 -> 0 | W36: =R36-U36+V36 -> 0 | AB36: =W36-Z36+AA36 -> 0 | AG36: =AB36-AE36+AF36 -> 0 | AL36: =AG36-AJ36+AK36 -> 0 | AQ36: =AL36-AO36+AP36 -> 0 | AV36: =AQ36-AT36+AU36 -> 0 | BA36: =AV36-AY36+AZ36 -> 0 | BF36: =BA36-BD36+BE36 -> 0 | BK36: =BF36-BI36+BJ36 -> 0 | BP36: =BK36-BN36+BO36 -> 0
A37: 风险品（ 未分责）
A38: 屏体良率 | H38: =H39 -> 0.99780881 | M38: =M39 -> 0.99780881 | R38: =R39 -> 0.99780881 | W38: =W39 -> 0.99780881 | AB38: =AB39 -> 0.99780881 | AG38: =AG39 -> 0.99780881 | AL38: =AL39 -> 0.99780881 | AQ38: =AQ39 -> 0.99780881 | AV38: =AV39 -> 0.99780881 | BA38: =BA39 -> 0.99780881 | BF38: =BF39 -> 0.99780881 | BK38: =BK39 -> 0.99780881 | BP38: =BP39 -> 0.99780881
A39: 屏体还原入库良率 | B39: =_xlfn.IFNA(VLOOKUP($A39,批次辅助!$A$4:$DC$41,MATCH($A$5&B$4,批次辅助!$A$1:$DC$1,0),0),0) -> 0.98612637 | C39: =_xlfn.IFNA(VLOOKUP($A39,批次辅助!$A$4:$DC$41,MATCH($A$5&C$4,批次辅助!$A$1:$DC$1,0),0),0) -> 0.99782744 | D39: =_xlfn.IFNA(VLOOKUP($A39,批次辅助!$A$4:$DC$41,MATCH($A$5&D$4,批次辅助!$A$1:$DC$1,0),0),0) -> 0 | H39: =1-SUM(H40:H43) -> 0.99780881 | M39: =1-SUM(M40:M43) -> 0.99780881 | R39: =1-SUM(R40:R43) -> 0.99780881 | W39: =1-SUM(W40:W43) -> 0.99780881 | AB39: =1-SUM(AB40:AB43) -> 0.99780881 | AG39: =1-SUM(AG40:AG43) -> 0.99780881 | AL39: =1-SUM(AL40:AL43) -> 0.99780881 | AQ39: =1-SUM(AQ40:AQ43) -> 0.99780881 | AV39: =1-SUM(AV40:AV43) -> 0.99780881 | BA39: =1-SUM(BA40:BA43) -> 0.99780881 | BF39: =1-SUM(BF40:BF43) -> 0.99780881 | BK39: =1-SUM(BK40:BK43) -> 0.99780881 | BP39: =1-SUM(BP40:BP43) -> 0.99780881
A40: 检测技术部 | B40: =_xlfn.IFNA(VLOOKUP($A40,批次辅助!$A$4:$DC$41,MATCH($A$5&B$4,批次辅助!$A$1:$DC$1,0),0),0) -> 0.00043823154 | C40: =_xlfn.IFNA(VLOOKUP($A40,批次辅助!$A$4:$DC$41,MATCH($A$5&C$4,批次辅助!$A$1:$DC$1,0),0),0) -> 0.00039106145 | D40: =_xlfn.IFNA(VLOOKUP($A40,批次辅助!$A$4:$DC$41,MATCH($A$5&D$4,批次辅助!$A$1:$DC$1,0),0),0) -> 0 | H40: =C40-F40+G40 -> 0.00039106145 | J40: / | M40: =H40-K40+L40 -> 0.00039106145 | O40: / | R40: =M40-P40+Q40 -> 0.00039106145 | T40: / | W40: =R40-U40+V40 -> 0.00039106145 | Y40: / | AB40: =W40-Z40+AA40 -> 0.00039106145 | AD40: / | AG40: =AB40-AE40+AF40 -> 0.00039106145 | AI40: / | AL40: =AG40-AJ40+AK40 -> 0.00039106145 | AN40: / | AQ40: =AL40-AO40+AP40 -> 0.00039106145 | AS40: / | AV40: =AQ40-AT40+AU40 -> 0.00039106145 | AX40: / | BA40: =AV40-AY40+AZ40 -> 0.00039106145 | BC40: / | BF40: =BA40-BD40+BE40 -> 0.00039106145 | BH40: / | BK40: =BF40-BI40+BJ40 -> 0.00039106145 | BM40: / | BP40: =BK40-BN40+BO40 -> 0.00039106145
A41: 屏体技术部 | B41: =_xlfn.IFNA(VLOOKUP($A41,批次辅助!$A$4:$DC$41,MATCH($A$5&B$4,批次辅助!$A$1:$DC$1,0),0),0) -> 3.3283408e-05 | C41: =_xlfn.IFNA(VLOOKUP($A41,批次辅助!$A$4:$DC$41,MATCH($A$5&C$4,批次辅助!$A$1:$DC$1,0),0),0) -> 1.8621974e-05 | D41: =_xlfn.IFNA(VLOOKUP($A41,批次辅助!$A$4:$DC$41,MATCH($A$5&D$4,批次辅助!$A$1:$DC$1,0),0),0) -> 0 | H41: =C41-F41+G41 -> 1.8621974e-05 | J41: / | M41: =H41-K41+L41 -> 1.8621974e-05 | O41: / | R41: =M41-P41+Q41 -> 1.8621974e-05 | T41: / | W41: =R41-U41+V41 -> 1.8621974e-05 | Y41: / | AB41: =W41-Z41+AA41 -> 1.8621974e-05 | AD41: / | AG41: =AB41-AE41+AF41 -> 1.8621974e-05 | AI41: / | AL41: =AG41-AJ41+AK41 -> 1.8621974e-05 | AN41: / | AQ41: =AL41-AO41+AP41 -> 1.8621974e-05 | AS41: / | AV41: =AQ41-AT41+AU41 -> 1.8621974e-05 | AX41: / | BA41: =AV41-AY41+AZ41 -> 1.8621974e-05 | BC41: / | BF41: =BA41-BD41+BE41 -> 1.8621974e-05 | BH41: / | BK41: =BF41-BI41+BJ41 -> 1.8621974e-05 | BM41: / | BP41: =BK41-BN41+BO41 -> 1.8621974e-05
A42: 屏体制造 | B42: =_xlfn.IFNA(VLOOKUP($A42,批次辅助!$A$4:$DC$41,MATCH($A$5&B$4,批次辅助!$A$1:$DC$1,0),0),0) -> 0 | C42: =_xlfn.IFNA(VLOOKUP($A42,批次辅助!$A$4:$DC$41,MATCH($A$5&C$4,批次辅助!$A$1:$DC$1,0),0),0) -> 1.8621974e-05 | D42: =_xlfn.IFNA(VLOOKUP($A42,批次辅助!$A$4:$DC$41,MATCH($A$5&D$4,批次辅助!$A$1:$DC$1,0),0),0) -> 0 | H42: =C42-F42+G42 -> 1.8621974e-05 | J42: / | M42: =H42-K42+L42 -> 1.8621974e-05 | O42: / | R42: =M42-P42+Q42 -> 1.8621974e-05 | T42: / | W42: =R42-U42+V42 -> 1.8621974e-05 | Y42: / | AB42: =W42-Z42+AA42 -> 1.8621974e-05 | AD42: / | AG42: =AB42-AE42+AF42 -> 1.8621974e-05 | AI42: / | AL42: =AG42-AJ42+AK42 -> 1.8621974e-05 | AN42: / | AQ42: =AL42-AO42+AP42 -> 1.8621974e-05 | AS42: / | AV42: =AQ42-AT42+AU42 -> 1.8621974e-05 | AX42: / | BA42: =AV42-AY42+AZ42 -> 1.8621974e-05 | BC42: / | BF42: =BA42-BD42+BE42 -> 1.8621974e-05 | BH42: / | BK42: =BF42-BI42+BJ42 -> 1.8621974e-05 | BM42: / | BP42: =BK42-BN42+BO42 -> 1.8621974e-05
A43: 外观不良 | B43: =_xlfn.IFNA(VLOOKUP($A43,批次辅助!$A$4:$DC$41,MATCH($A$5&B$4,批次辅助!$A$1:$DC$1,0),0),0) -> 0.0023187441 | C43: =_xlfn.IFNA(VLOOKUP($A43,批次辅助!$A$4:$DC$41,MATCH($A$5&C$4,批次辅助!$A$1:$DC$1,0),0),0) -> 0.0017628802 | D43: =_xlfn.IFNA(VLOOKUP($A43,批次辅助!$A$4:$DC$41,MATCH($A$5&D$4,批次辅助!$A$1:$DC$1,0),0),0) -> 0 | H43: =C43-F43+G43 -> 0.0017628802 | M43: =H43-K43+L43 -> 0.0017628802 | R43: =M43-P43+Q43 -> 0.0017628802 | W43: =R43-U43+V43 -> 0.0017628802 | AB43: =W43-Z43+AA43 -> 0.0017628802 | AG43: =AB43-AE43+AF43 -> 0.0017628802 | AL43: =AG43-AJ43+AK43 -> 0.0017628802 | AQ43: =AL43-AO43+AP43 -> 0.0017628802 | AV43: =AQ43-AT43+AU43 -> 0.0017628802 | BA43: =AV43-AY43+AZ43 -> 0.0017628802 | BF43: =BA43-BD43+BE43 -> 0.0017628802 | BK43: =BF43-BI43+BJ43 -> 0.0017628802 | BP43: =BK43-BN43+BO43 -> 0.0017628802
A44: 风险品（屏体) | B44: =_xlfn.IFNA(VLOOKUP($A44,批次辅助!$A$4:$DC$41,MATCH($A$5&B$4,批次辅助!$A$1:$DC$1,0),0),0) -> 0.011116658 | C44: =_xlfn.IFNA(VLOOKUP($A44,批次辅助!$A$4:$DC$41,MATCH($A$5&C$4,批次辅助!$A$1:$DC$1,0),0),0) -> 0 | D44: =_xlfn.IFNA(VLOOKUP($A44,批次辅助!$A$4:$DC$41,MATCH($A$5&D$4,批次辅助!$A$1:$DC$1,0),0),0) -> 0 | H44: =C44-F44+G44 -> 0 | M44: =H44-K44+L44 -> 0 | R44: =M44-P44+Q44 -> 0 | W44: =R44-U44+V44 -> 0 | AB44: =W44-Z44+AA44 -> 0 | AG44: =AB44-AE44+AF44 -> 0 | AL44: =AG44-AJ44+AK44 -> 0 | AQ44: =AL44-AO44+AP44 -> 0 | AV44: =AQ44-AT44+AU44 -> 0 | BA44: =AV44-AY44+AZ44 -> 0 | BF44: =BA44-BD44+BE44 -> 0 | BK44: =BF44-BI44+BJ44 -> 0 | BP44: =BK44-BN44+BO44 -> 0
A45: 风险品（ 未分责）
A46: 正贡献/负影响合计 | F46: =SUM(F13:F45) -> 0.0302 | G46: =SUM(G13:G45) -> 0 | K46: =SUM(K13:K45) -> 0 | L46: =SUM(L13:L45) -> 0 | P46: =SUM(P13:P45) -> 0 | Q46: =SUM(Q13:Q45) -> 0 | U46: =SUM(U13:U45) -> 0 | V46: =SUM(V13:V45) -> 0 | Z46: =SUM(Z13:Z45) -> 0 | AA46: =SUM(AA13:AA45) -> 0 | AE46: =SUM(AE13:AE45) -> 0 | AF46: =SUM(AF13:AF45) -> 0 | AJ46: =SUM(AJ13:AJ45) -> 0 | AK46: =SUM(AK13:AK45) -> 0 | AO46: =SUM(AO13:AO45) -> 0 | AP46: =SUM(AP13:AP45) -> 0 | AT46: =SUM(AT13:AT45) -> 0 | AU46: =SUM(AU13:AU45) -> 0 | AY46: =SUM(AY13:AY45) -> 0 | AZ46: =SUM(AZ13:AZ45) -> 0 | BD46: =SUM(BD13:BD45) -> 0 | BE46: =SUM(BE13:BE45) -> 0 | BI46: =SUM(BI13:BI45) -> 0 | BJ46: =SUM(BJ13:BJ45) -> 0 | BN46: =SUM(BN13:BN45) -> 0 | BO46: =SUM(BO13:BO45) -> 0
A48: 汇总
A49: 批次汇总/跨月批次数据 | P49: 月加权汇总 | W49: 跨月数据 | Y49: 对应跨月数据上月已生产数据 | Z49: 对应跨月数据上月已生产数据
A50: 预估月 | B50: =E3 -> M06 | C50: =J3 | D50: =O3 | E50: =T3 | F50: =Y3 | G50: =AD3 | H50: =AI3 | I50: =AN3 | J50: =AS3 | K50: =AX3 | L50: =BC3 | M50: =BH3 | N50: =BM3 | O50: =P50 -> M03 | P50: M03 | Q50: M04 | R50: M05 | S50: M06 | T50: M07 | W50: 产品型号
A51: 蒸镀批次 | B51: =E4 -> 06/18蒸镀批次 | C51: =J4 | D51: =O4 | E51: =T4 | F51: =Y4 | G51: =AD4 | H51: =AI4 | I51: =AN4 | J51: =AS4 | K51: =AX4 | L51: =BC4 | M51: =BH4 | N51: =BM4 | O51: =X51 -> 0 | W51: 批次 | Y51: =X51 -> 0 | Z51: =X51 -> 0
A52: 蒸镀数量(half） | B52: =E6 -> 1440 | C52: =J6 -> 0 | D52: =O6 -> 0 | E52: =T6 -> 0 | F52: =Y6 -> 0 | G52: =AD6 -> 0 | H52: =AI6 -> 0 | I52: =AN6 -> 0 | J52: =AS6 -> 0 | K52: =AX6 -> 0 | L52: =AY6 -> 0 | M52: =BH6 -> 0 | N52: =BM6 -> 0 | O52: =_xlfn.IFNA(VLOOKUP(A52,$W$52:$Y$86,2,0),"0%")/A2 -> 0 | P52: =SUMIF($B$50:$O$50,P$50,$B52:$O52) -> 0 | Q52: =SUMIF($B$50:$O$50,Q$50,$B52:$O52) -> 0 | R52: =SUMIF($B$50:$O$50,R$50,$B52:$O52) -> 0 | S52: =SUMIF($B$50:$O$50,S$50,$B52:$O52) -> 1440 | T52: =SUMIF($B$50:$O$50,T$50,$B52:$O52) -> 0 | W52: 蒸镀数量(half） | X52: =Z52-Y52 -> 0
A53: 计划投入数（half） | B53: =E7 -> 1440 | C53: =J7 -> 0 | D53: =O7 -> 0 | E53: =T7 -> 0 | F53: =Y7 -> 0 | G53: =AD7 -> 0 | H53: =AI7 -> 0 | I53: =AN7 -> 0 | J53: =AS7 -> 0 | K53: =AX7 -> 0 | L53: =AY7 -> 0 | M53: =BH7 -> 0 | N53: =BM7 -> 0 | O53: =O52 -> 0 | P53: =SUMIF($B$50:$O$50,P$50,$B53:$O53) -> 0 | Q53: =SUMIF($B$50:$O$50,Q$50,$B53:$O53) -> 0 | R53: =SUMIF($B$50:$O$50,R$50,$B53:$O53) -> 0 | S53: =SUMIF($B$50:$O$50,S$50,$B53:$O53) -> 1440 | T53: =SUMIF($B$50:$O$50,T$50,$B53:$O53) -> 0 | W53: 计划投入数（half） | X53: =X52 -> 0
A54: 批次入库率 | B54: =E8 -> 1 | C54: =J8 -> 0 | D54: =O8 -> 0 | E54: =T8 -> 0 | F54: =Y8 -> 0 | G54: =AD8 -> 0 | H54: =AI8 -> 0 | I54: =AN8 -> 0 | J54: =AS8 -> 0 | K54: =AX8 -> 0 | L54: =AY8 -> 0 | M54: =BH8 -> 0 | N54: =BM8 -> 0 | O54: =_xlfn.IFNA(VLOOKUP(A54,$W$52:$Y$86,2,0),"0%") -> 0% | P54: =IFERROR(P53/P52,0) -> 0 | Q54: =IFERROR(Q53/Q52,0) -> 0 | R54: =IFERROR(R53/R52,0) -> 0 | S54: =IFERROR(S53/S52,0) -> 1 | T54: =IFERROR(T53/T52,0) -> 0 | W54: 入库良率 | X54: =IF(Y54=0%,0%,(Z54*Z52-Y52*Y54)/X52) -> 0
A55: 入库良率 | B55: =H9 -> 0.86076798 | C55: =M9 -> 0.86076798 | D55: =R9 -> 0.86076798 | E55: =W9 -> 0.86076798 | F55: =AB9 -> 0.86076798 | G55: =AG9 -> 0.86076798 | H55: =AL9 -> 0.86076798 | I55: =AQ9 -> 0.86076798 | J55: =AV9 -> 0.86076798 | K55: =BA9 -> 0.86076798 | L55: =BF9 -> 0.86076798 | M55: =BK9 -> 0.86076798 | N55: =BP9 -> 0.86076798 | O55: =_xlfn.IFNA(VLOOKUP(A55,$W$52:$Y$86,2,0),"0%") -> 0 | P55: =IF(P$53=0,0%,SUMPRODUCT(($B$50:$O$50=P$50)*$B$53:$O$53*$B55:$O55)/P$53) -> 0 | Q55: =IF(Q$53=0,0%,SUMPRODUCT(($B$50:$O$50=Q$50)*$B$53:$O$53*$B55:$O55)/Q$53) -> 0 | R55: =IF(R$53=0,0%,SUMPRODUCT(($B$50:$O$50=R$50)*$B$53:$O$53*$B55:$O55)/R$53) -> 0 | S55: =IF(S$53=0,0%,SUMPRODUCT(($B$50:$O$50=S$50)*$B$53:$O$53*$B55:$O55)/S$53) -> 0.86076798 | T55: =IF(T$53=0,0%,SUMPRODUCT(($B$50:$O$50=T$50)*$B$53:$O$53*$B55:$O55)/T$53) -> 0
A56: 屏体良率 | B56: =H10 -> 0.86575575 | C56: =M10 -> 0.86575575 | D56: =R10 -> 0.86575575 | E56: =W10 -> 0.86575575 | F56: =AB10 -> 0.86575575 | G56: =AG10 -> 0.86575575 | H56: =AL10 -> 0.86575575 | I56: =AQ10 -> 0.86575575 | J56: =AV10 -> 0.86575575 | K56: =BA10 -> 0.86575575 | L56: =BF10 -> 0.86575575 | M56: =BK10 -> 0.86575575 | N56: =BP10 -> 0.86575575 | O56: =O55 -> 0 | P56: =IF(P$53=0,0%,SUMPRODUCT(($B$50:$O$50=P$50)*$B$53:$O$53*$B56:$O56)/P$53) -> 0 | Q56: =IF(Q$53=0,0%,SUMPRODUCT(($B$50:$O$50=Q$50)*$B$53:$O$53*$B56:$O56)/Q$53) -> 0 | R56: =IF(R$53=0,0%,SUMPRODUCT(($B$50:$O$50=R$50)*$B$53:$O$53*$B56:$O56)/R$53) -> 0 | S56: =IF(S$53=0,0%,SUMPRODUCT(($B$50:$O$50=S$50)*$B$53:$O$53*$B56:$O56)/S$53) -> 0.86575575 | T56: =IF(T$53=0,0%,SUMPRODUCT(($B$50:$O$50=T$50)*$B$53:$O$53*$B56:$O56)/T$53) -> 0
A57: Array | B57: =H11 -> 0.88887436 | C57: =M11 -> 0.88887436 | D57: =R11 -> 0.88887436 | E57: =W11 -> 0.88887436 | F57: =AB11 -> 0.88887436 | G57: =AG11 -> 0.88887436 | H57: =AL11 -> 0.88887436 | I57: =AQ11 -> 0.88887436 | J57: =AV11 -> 0.88887436 | K57: =BA11 -> 0.88887436 | L57: =BF11 -> 0.88887436 | M57: =BK11 -> 0.88887436 | N57: =BP11 -> 0.88887436 | O57: =O58*99.9% -> 0 | P57: =IF(P$53=0,0%,SUMPRODUCT(($B$50:$O$50=P$50)*$B$53:$O$53*$B57:$O57)/P$53) -> 0 | Q57: =IF(Q$53=0,0%,SUMPRODUCT(($B$50:$O$50=Q$50)*$B$53:$O$53*$B57:$O57)/Q$53) -> 0 | R57: =IF(R$53=0,0%,SUMPRODUCT(($B$50:$O$50=R$50)*$B$53:$O$53*$B57:$O57)/R$53) -> 0 | S57: =IF(S$53=0,0%,SUMPRODUCT(($B$50:$O$50=S$50)*$B$53:$O$53*$B57:$O57)/S$53) -> 0.88887436 | T57: =IF(T$53=0,0%,SUMPRODUCT(($B$50:$O$50=T$50)*$B$53:$O$53*$B57:$O57)/T$53) -> 0 | X57: =IF(IF(Y57=0%,0%,(Z57*$Z$52-$Y$52*Y57)/$X$52)>100%,"100%",IF(Y57=0%,0%,(Z57*$Z$52-$Y$52*Y57)/$X$52)) -> 0
A58: ARRAY还原入库良率 | B58: =H12 -> 0.88976412 | C58: =M12 -> 0.88976412 | D58: =R12 -> 0.88976412 | E58: =W12 -> 0.88976412 | F58: =AB12 -> 0.88976412 | G58: =AG12 -> 0.88976412 | H58: =AL12 -> 0.88976412 | I58: =AQ12 -> 0.88976412 | J58: =AV12 -> 0.88976412 | K58: =BA12 -> 0.88976412 | L58: =BF12 -> 0.88976412 | M58: =BK12 -> 0.88976412 | N58: =BP12 -> 0.88976412 | O58: =_xlfn.IFNA(VLOOKUP(A58,$W$52:$Y$86,2,0),"0%") -> 0% | P58: =IF(P$53=0,0%,SUMPRODUCT(($B$50:$O$50=P$50)*$B$53:$O$53*$B58:$O58)/P$53) -> 0 | Q58: =IF(Q$53=0,0%,SUMPRODUCT(($B$50:$O$50=Q$50)*$B$53:$O$53*$B58:$O58)/Q$53) -> 0 | R58: =IF(R$53=0,0%,SUMPRODUCT(($B$50:$O$50=R$50)*$B$53:$O$53*$B58:$O58)/R$53) -> 0 | S58: =IF(S$53=0,0%,SUMPRODUCT(($B$50:$O$50=S$50)*$B$53:$O$53*$B58:$O58)/S$53) -> 0.88976412 | T58: =IF(T$53=0,0%,SUMPRODUCT(($B$50:$O$50=T$50)*$B$53:$O$53*$B58:$O58)/T$53) -> 0 | X58: =IF(IF(Y58=0%,0%,(Z58*$Z$52-$Y$52*Y58)/$X$52)>100%,"100%",IF(Y58=0%,0%,(Z58*$Z$52-$Y$52*Y58)/$X$52)) -> 0
A59: Array_AD | B59: =H13 -> 0.027479826 | C59: =M13 -> 0.027479826 | D59: =R13 -> 0.027479826 | E59: =W13 -> 0.027479826 | F59: =AB13 -> 0.027479826 | G59: =AG13 -> 0.027479826 | H59: =AL13 -> 0.027479826 | I59: =AQ13 -> 0.027479826 | J59: =AV13 -> 0.027479826 | K59: =BA13 -> 0.027479826 | L59: =BF13 -> 0.027479826 | M59: =BK13 -> 0.027479826 | N59: =BP13 -> 0.027479826 | O59: =_xlfn.IFNA(VLOOKUP(A59,$W$52:$Y$86,2,0),"0%") -> 0% | P59: =IF(P$53=0,0%,SUMPRODUCT(($B$50:$O$50=P$50)*$B$53:$O$53*$B59:$O59)/P$53) -> 0 | Q59: =IF(Q$53=0,0%,SUMPRODUCT(($B$50:$O$50=Q$50)*$B$53:$O$53*$B59:$O59)/Q$53) -> 0 | R59: =IF(R$53=0,0%,SUMPRODUCT(($B$50:$O$50=R$50)*$B$53:$O$53*$B59:$O59)/R$53) -> 0 | S59: =IF(S$53=0,0%,SUMPRODUCT(($B$50:$O$50=S$50)*$B$53:$O$53*$B59:$O59)/S$53) -> 0.027479826 | T59: =IF(T$53=0,0%,SUMPRODUCT(($B$50:$O$50=T$50)*$B$53:$O$53*$B59:$O59)/T$53) -> 0 | X59: =IF(IF(Y59=0%,0%,(Z59*$Z$52-$Y$52*Y59)/$X$52)>100%,"100%",IF(Y59=0%,0%,(Z59*$Z$52-$Y$52*Y59)/$X$52)) -> 0
A60: Array_Line | B60: =H14 -> 0.033190565 | C60: =M14 -> 0.033190565 | D60: =R14 -> 0.033190565 | E60: =W14 -> 0.033190565 | F60: =AB14 -> 0.033190565 | G60: =AG14 -> 0.033190565 | H60: =AL14 -> 0.033190565 | I60: =AQ14 -> 0.033190565 | J60: =AV14 -> 0.033190565 | K60: =BA14 -> 0.033190565 | L60: =BF14 -> 0.033190565 | M60: =BK14 -> 0.033190565 | N60: =BP14 -> 0.033190565 | O60: =_xlfn.IFNA(VLOOKUP(A60,$W$52:$Y$86,2,0),"0%") -> 0% | P60: =IF(P$53=0,0%,SUMPRODUCT(($B$50:$O$50=P$50)*$B$53:$O$53*$B60:$O60)/P$53) -> 0 | Q60: =IF(Q$53=0,0%,SUMPRODUCT(($B$50:$O$50=Q$50)*$B$53:$O$53*$B60:$O60)/Q$53) -> 0 | R60: =IF(R$53=0,0%,SUMPRODUCT(($B$50:$O$50=R$50)*$B$53:$O$53*$B60:$O60)/R$53) -> 0 | S60: =IF(S$53=0,0%,SUMPRODUCT(($B$50:$O$50=S$50)*$B$53:$O$53*$B60:$O60)/S$53) -> 0.033190565 | T60: =IF(T$53=0,0%,SUMPRODUCT(($B$50:$O$50=T$50)*$B$53:$O$53*$B60:$O60)/T$53) -> 0 | X60: =IF(IF(Y60=0%,0%,(Z60*$Z$52-$Y$52*Y60)/$X$52)>100%,"100%",IF(Y60=0%,0%,(Z60*$Z$52-$Y$52*Y60)/$X$52)) -> 0
A61: Array_Mura | B61: =H15 -> 0.0092302917 | C61: =M15 -> 0.0092302917 | D61: =R15 -> 0.0092302917 | E61: =W15 -> 0.0092302917 | F61: =AB15 -> 0.0092302917 | G61: =AG15 -> 0.0092302917 | H61: =AL15 -> 0.0092302917 | I61: =AQ15 -> 0.0092302917 | J61: =AV15 -> 0.0092302917 | K61: =BA15 -> 0.0092302917 | L61: =BF15 -> 0.0092302917 | M61: =BK15 -> 0.0092302917 | N61: =BP15 -> 0.0092302917 | O61: =_xlfn.IFNA(VLOOKUP(A61,$W$52:$Y$86,2,0),"0%") -> 0% | P61: =IF(P$53=0,0%,SUMPRODUCT(($B$50:$O$50=P$50)*$B$53:$O$53*$B61:$O61)/P$53) -> 0 | Q61: =IF(Q$53=0,0%,SUMPRODUCT(($B$50:$O$50=Q$50)*$B$53:$O$53*$B61:$O61)/Q$53) -> 0 | R61: =IF(R$53=0,0%,SUMPRODUCT(($B$50:$O$50=R$50)*$B$53:$O$53*$B61:$O61)/R$53) -> 0 | S61: =IF(S$53=0,0%,SUMPRODUCT(($B$50:$O$50=S$50)*$B$53:$O$53*$B61:$O61)/S$53) -> 0.0092302917 | T61: =IF(T$53=0,0%,SUMPRODUCT(($B$50:$O$50=T$50)*$B$53:$O$53*$B61:$O61)/T$53) -> 0
A62: Array_Pixel | B62: =H16 -> 0.03097455 | C62: =M16 -> 0.03097455 | D62: =R16 -> 0.03097455 | E62: =W16 -> 0.03097455 | F62: =AB16 -> 0.03097455 | G62: =AG16 -> 0.03097455 | H62: =AL16 -> 0.03097455 | I62: =AQ16 -> 0.03097455 | J62: =AV16 -> 0.03097455 | K62: =BA16 -> 0.03097455 | L62: =BF16 -> 0.03097455 | M62: =BK16 -> 0.03097455 | N62: =BP16 -> 0.03097455 | O62: =_xlfn.IFNA(VLOOKUP(A62,$W$52:$Y$86,2,0),"0%") -> 0% | P62: =IF(P$53=0,0%,SUMPRODUCT(($B$50:$O$50=P$50)*$B$53:$O$53*$B62:$O62)/P$53) -> 0 | Q62: =IF(Q$53=0,0%,SUMPRODUCT(($B$50:$O$50=Q$50)*$B$53:$O$53*$B62:$O62)/Q$53) -> 0 | R62: =IF(R$53=0,0%,SUMPRODUCT(($B$50:$O$50=R$50)*$B$53:$O$53*$B62:$O62)/R$53) -> 0 | S62: =IF(S$53=0,0%,SUMPRODUCT(($B$50:$O$50=S$50)*$B$53:$O$53*$B62:$O62)/S$53) -> 0.03097455 | T62: =IF(T$53=0,0%,SUMPRODUCT(($B$50:$O$50=T$50)*$B$53:$O$53*$B62:$O62)/T$53) -> 0
A63: ARRAY_RS查杀 | B63: =H17 -> 0.0087585351 | C63: =M17 -> 0.0087585351 | D63: =R17 -> 0.0087585351 | E63: =W17 -> 0.0087585351 | F63: =AB17 -> 0.0087585351 | G63: =AG17 -> 0.0087585351 | H63: =AL17 -> 0.0087585351 | I63: =AQ17 -> 0.0087585351 | J63: =AV17 -> 0.0087585351 | K63: =BA17 -> 0.0087585351 | L63: =BF17 -> 0.0087585351 | M63: =BK17 -> 0.0087585351 | N63: =BP17 -> 0.0087585351 | O63: =_xlfn.IFNA(VLOOKUP(A63,$W$52:$Y$86,2,0),"0%") -> 0% | P63: =IF(P$53=0,0%,SUMPRODUCT(($B$50:$O$50=P$50)*$B$53:$O$53*$B63:$O63)/P$53) -> 0 | Q63: =IF(Q$53=0,0%,SUMPRODUCT(($B$50:$O$50=Q$50)*$B$53:$O$53*$B63:$O63)/Q$53) -> 0 | R63: =IF(R$53=0,0%,SUMPRODUCT(($B$50:$O$50=R$50)*$B$53:$O$53*$B63:$O63)/R$53) -> 0 | S63: =IF(S$53=0,0%,SUMPRODUCT(($B$50:$O$50=S$50)*$B$53:$O$53*$B63:$O63)/S$53) -> 0.0087585351 | T63: =IF(T$53=0,0%,SUMPRODUCT(($B$50:$O$50=T$50)*$B$53:$O$53*$B63:$O63)/T$53) -> 0
A64: ARRAY其他 | B64: =H18 -> 0.00060211049 | C64: =M18 -> 0.00060211049 | D64: =R18 -> 0.00060211049 | E64: =W18 -> 0.00060211049 | F64: =AB18 -> 0.00060211049 | G64: =AG18 -> 0.00060211049 | H64: =AL18 -> 0.00060211049 | I64: =AQ18 -> 0.00060211049 | J64: =AV18 -> 0.00060211049 | K64: =BA18 -> 0.00060211049 | L64: =BF18 -> 0.00060211049 | M64: =BK18 -> 0.00060211049 | N64: =BP18 -> 0.00060211049 | O64: =_xlfn.IFNA(VLOOKUP(A64,$W$52:$Y$86,2,0),"0%") -> 0% | P64: =IF(P$53=0,0%,SUMPRODUCT(($B$50:$O$50=P$50)*$B$53:$O$53*$B64:$O64)/P$53) -> 0 | Q64: =IF(Q$53=0,0%,SUMPRODUCT(($B$50:$O$50=Q$50)*$B$53:$O$53*$B64:$O64)/Q$53) -> 0 | R64: =IF(R$53=0,0%,SUMPRODUCT(($B$50:$O$50=R$50)*$B$53:$O$53*$B64:$O64)/R$53) -> 0 | S64: =IF(S$53=0,0%,SUMPRODUCT(($B$50:$O$50=S$50)*$B$53:$O$53*$B64:$O64)/S$53) -> 0.00060211049 | T64: =IF(T$53=0,0%,SUMPRODUCT(($B$50:$O$50=T$50)*$B$53:$O$53*$B64:$O64)/T$53) -> 0
A65: 风险品（Array） | B65: =H19 -> 0 | C65: =M19 -> 0 | D65: =R19 -> 0 | E65: =W19 -> 0 | F65: =AB19 -> 0 | G65: =AG19 -> 0 | H65: =AL19 -> 0 | I65: =AQ19 -> 0 | J65: =AV19 -> 0 | K65: =BA19 -> 0 | L65: =BF19 -> 0 | M65: =BK19 -> 0 | N65: =BP19 -> 0 | O65: =_xlfn.IFNA(VLOOKUP(A65,$W$52:$Y$86,2,0),"0%") -> 0% | P65: =IF(P$53=0,0%,SUMPRODUCT(($B$50:$O$50=P$50)*$B$53:$O$53*$B65:$O65)/P$53) -> 0 | Q65: =IF(Q$53=0,0%,SUMPRODUCT(($B$50:$O$50=Q$50)*$B$53:$O$53*$B65:$O65)/Q$53) -> 0 | R65: =IF(R$53=0,0%,SUMPRODUCT(($B$50:$O$50=R$50)*$B$53:$O$53*$B65:$O65)/R$53) -> 0 | S65: =IF(S$53=0,0%,SUMPRODUCT(($B$50:$O$50=S$50)*$B$53:$O$53*$B65:$O65)/S$53) -> 0 | T65: =IF(T$53=0,0%,SUMPRODUCT(($B$50:$O$50=T$50)*$B$53:$O$53*$B65:$O65)/T$53) -> 0
A66: OLED | B66: =H20 -> 0.98871483 | C66: =M20 -> 0.98871483 | D66: =R20 -> 0.98871483 | E66: =W20 -> 0.98871483 | F66: =AB20 -> 0.98871483 | G66: =AG20 -> 0.98871483 | H66: =AL20 -> 0.98871483 | I66: =AQ20 -> 0.98871483 | J66: =AV20 -> 0.98871483 | K66: =BA20 -> 0.98871483 | L66: =BF20 -> 0.98871483 | M66: =BK20 -> 0.98871483 | N66: =BP20 -> 0.98871483 | O66: =O67*99.9% -> 0 | P66: =IF(P$53=0,0%,SUMPRODUCT(($B$50:$O$50=P$50)*$B$53:$O$53*$B66:$O66)/P$53) -> 0 | Q66: =IF(Q$53=0,0%,SUMPRODUCT(($B$50:$O$50=Q$50)*$B$53:$O$53*$B66:$O66)/Q$53) -> 0 | R66: =IF(R$53=0,0%,SUMPRODUCT(($B$50:$O$50=R$50)*$B$53:$O$53*$B66:$O66)/R$53) -> 0 | S66: =IF(S$53=0,0%,SUMPRODUCT(($B$50:$O$50=S$50)*$B$53:$O$53*$B66:$O66)/S$53) -> 0.98871483 | T66: =IF(T$53=0,0%,SUMPRODUCT(($B$50:$O$50=T$50)*$B$53:$O$53*$B66:$O66)/T$53) -> 0
A67: OLED还原入库良率 | B67: =H21 -> 0.98970453 | C67: =M21 -> 0.98970453 | D67: =R21 -> 0.98970453 | E67: =W21 -> 0.98970453 | F67: =AB21 -> 0.98970453 | G67: =AG21 -> 0.98970453 | H67: =AL21 -> 0.98970453 | I67: =AQ21 -> 0.98970453 | J67: =AV21 -> 0.98970453 | K67: =BA21 -> 0.98970453 | L67: =BF21 -> 0.98970453 | M67: =BK21 -> 0.98970453 | N67: =BP21 -> 0.98970453 | O67: =_xlfn.IFNA(VLOOKUP(A67,$W$52:$Y$86,2,0),"0%") -> 0% | P67: =IF(P$53=0,0%,SUMPRODUCT(($B$50:$O$50=P$50)*$B$53:$O$53*$B67:$O67)/P$53) -> 0 | Q67: =IF(Q$53=0,0%,SUMPRODUCT(($B$50:$O$50=Q$50)*$B$53:$O$53*$B67:$O67)/Q$53) -> 0 | R67: =IF(R$53=0,0%,SUMPRODUCT(($B$50:$O$50=R$50)*$B$53:$O$53*$B67:$O67)/R$53) -> 0 | S67: =IF(S$53=0,0%,SUMPRODUCT(($B$50:$O$50=S$50)*$B$53:$O$53*$B67:$O67)/S$53) -> 0.98970453 | T67: =IF(T$53=0,0%,SUMPRODUCT(($B$50:$O$50=T$50)*$B$53:$O$53*$B67:$O67)/T$53) -> 0
A68: OLED_Mura | B68: =H22 -> 0.0050465549 | C68: =M22 -> 0.0050465549 | D68: =R22 -> 0.0050465549 | E68: =W22 -> 0.0050465549 | F68: =AB22 -> 0.0050465549 | G68: =AG22 -> 0.0050465549 | H68: =AL22 -> 0.0050465549 | I68: =AQ22 -> 0.0050465549 | J68: =AV22 -> 0.0050465549 | K68: =BA22 -> 0.0050465549 | L68: =BF22 -> 0.0050465549 | M68: =BK22 -> 0.0050465549 | N68: =BP22 -> 0.0050465549 | O68: =_xlfn.IFNA(VLOOKUP(A68,$W$52:$Y$86,2,0),"0%") -> 0% | P68: =IF(P$53=0,0%,SUMPRODUCT(($B$50:$O$50=P$50)*$B$53:$O$53*$B68:$O68)/P$53) -> 0 | Q68: =IF(Q$53=0,0%,SUMPRODUCT(($B$50:$O$50=Q$50)*$B$53:$O$53*$B68:$O68)/Q$53) -> 0 | R68: =IF(R$53=0,0%,SUMPRODUCT(($B$50:$O$50=R$50)*$B$53:$O$53*$B68:$O68)/R$53) -> 0 | S68: =IF(S$53=0,0%,SUMPRODUCT(($B$50:$O$50=S$50)*$B$53:$O$53*$B68:$O68)/S$53) -> 0.0050465549 | T68: =IF(T$53=0,0%,SUMPRODUCT(($B$50:$O$50=T$50)*$B$53:$O$53*$B68:$O68)/T$53) -> 0
A69: OLED_RS查杀 | B69: =H23 -> 0.0029795158 | C69: =M23 -> 0.0029795158 | D69: =R23 -> 0.0029795158 | E69: =W23 -> 0.0029795158 | F69: =AB23 -> 0.0029795158 | G69: =AG23 -> 0.0029795158 | H69: =AL23 -> 0.0029795158 | I69: =AQ23 -> 0.0029795158 | J69: =AV23 -> 0.0029795158 | K69: =BA23 -> 0.0029795158 | L69: =BF23 -> 0.0029795158 | M69: =BK23 -> 0.0029795158 | N69: =BP23 -> 0.0029795158 | O69: =_xlfn.IFNA(VLOOKUP(A69,$W$52:$Y$86,2,0),"0%") -> 0% | P69: =IF(P$53=0,0%,SUMPRODUCT(($B$50:$O$50=P$50)*$B$53:$O$53*$B69:$O69)/P$53) -> 0 | Q69: =IF(Q$53=0,0%,SUMPRODUCT(($B$50:$O$50=Q$50)*$B$53:$O$53*$B69:$O69)/Q$53) -> 0 | R69: =IF(R$53=0,0%,SUMPRODUCT(($B$50:$O$50=R$50)*$B$53:$O$53*$B69:$O69)/R$53) -> 0 | S69: =IF(S$53=0,0%,SUMPRODUCT(($B$50:$O$50=S$50)*$B$53:$O$53*$B69:$O69)/S$53) -> 0.0029795158 | T69: =IF(T$53=0,0%,SUMPRODUCT(($B$50:$O$50=T$50)*$B$53:$O$53*$B69:$O69)/T$53) -> 0
A70: OLED_色偏 | B70: =H24 -> 0 | C70: =M24 -> 0 | D70: =R24 -> 0 | E70: =W24 -> 0 | F70: =AB24 -> 0 | G70: =AG24 -> 0 | H70: =AL24 -> 0 | I70: =AQ24 -> 0 | J70: =AV24 -> 0 | K70: =BA24 -> 0 | L70: =BF24 -> 0 | M70: =BK24 -> 0 | N70: =BP24 -> 0 | O70: =_xlfn.IFNA(VLOOKUP(A70,$W$52:$Y$86,2,0),"0%") -> 0% | P70: =IF(P$53=0,0%,SUMPRODUCT(($B$50:$O$50=P$50)*$B$53:$O$53*$B70:$O70)/P$53) -> 0 | Q70: =IF(Q$53=0,0%,SUMPRODUCT(($B$50:$O$50=Q$50)*$B$53:$O$53*$B70:$O70)/Q$53) -> 0 | R70: =IF(R$53=0,0%,SUMPRODUCT(($B$50:$O$50=R$50)*$B$53:$O$53*$B70:$O70)/R$53) -> 0 | S70: =IF(S$53=0,0%,SUMPRODUCT(($B$50:$O$50=S$50)*$B$53:$O$53*$B70:$O70)/S$53) -> 0 | T70: =IF(T$53=0,0%,SUMPRODUCT(($B$50:$O$50=T$50)*$B$53:$O$53*$B70:$O70)/T$53) -> 0
A71: OLED其他 | B71: =H25 -> 0.0022693979 | C71: =M25 -> 0.0022693979 | D71: =R25 -> 0.0022693979 | E71: =W25 -> 0.0022693979 | F71: =AB25 -> 0.0022693979 | G71: =AG25 -> 0.0022693979 | H71: =AL25 -> 0.0022693979 | I71: =AQ25 -> 0.0022693979 | J71: =AV25 -> 0.0022693979 | K71: =BA25 -> 0.0022693979 | L71: =BF25 -> 0.0022693979 | M71: =BK25 -> 0.0022693979 | N71: =BP25 -> 0.0022693979 | O71: =_xlfn.IFNA(VLOOKUP(A71,$W$52:$Y$86,2,0),"0%") -> 0% | P71: =IF(P$53=0,0%,SUMPRODUCT(($B$50:$O$50=P$50)*$B$53:$O$53*$B71:$O71)/P$53) -> 0 | Q71: =IF(Q$53=0,0%,SUMPRODUCT(($B$50:$O$50=Q$50)*$B$53:$O$53*$B71:$O71)/Q$53) -> 0 | R71: =IF(R$53=0,0%,SUMPRODUCT(($B$50:$O$50=R$50)*$B$53:$O$53*$B71:$O71)/R$53) -> 0 | S71: =IF(S$53=0,0%,SUMPRODUCT(($B$50:$O$50=S$50)*$B$53:$O$53*$B71:$O71)/S$53) -> 0.0022693979 | T71: =IF(T$53=0,0%,SUMPRODUCT(($B$50:$O$50=T$50)*$B$53:$O$53*$B71:$O71)/T$53) -> 0
A72: OLED_开发责 | B72: =H26 -> 0 | C72: =M26 -> 0 | D72: =R26 -> 0 | E72: =W26 -> 0 | F72: =AB26 -> 0 | G72: =AG26 -> 0 | H72: =AL26 -> 0 | I72: =AQ26 -> 0 | J72: =AV26 -> 0 | K72: =BA26 -> 0 | L72: =BF26 -> 0 | M72: =BK26 -> 0 | N72: =BP26 -> 0 | O72: =_xlfn.IFNA(VLOOKUP(A72,$W$52:$Y$86,2,0),"0%") -> 0% | P72: =IF(P$53=0,0%,SUMPRODUCT(($B$50:$O$50=P$50)*$B$53:$O$53*$B72:$O72)/P$53) -> 0 | Q72: =IF(Q$53=0,0%,SUMPRODUCT(($B$50:$O$50=Q$50)*$B$53:$O$53*$B72:$O72)/Q$53) -> 0 | R72: =IF(R$53=0,0%,SUMPRODUCT(($B$50:$O$50=R$50)*$B$53:$O$53*$B72:$O72)/R$53) -> 0 | S72: =IF(S$53=0,0%,SUMPRODUCT(($B$50:$O$50=S$50)*$B$53:$O$53*$B72:$O72)/S$53) -> 0 | T72: =IF(T$53=0,0%,SUMPRODUCT(($B$50:$O$50=T$50)*$B$53:$O$53*$B72:$O72)/T$53) -> 0
A73: 风险品（OLED) | B73: =H27 -> 0.0049877716 | C73: =M27 -> 0.0049877716 | D73: =R27 -> 0.0049877716 | E73: =W27 -> 0.0049877716 | F73: =AB27 -> 0.0049877716 | G73: =AG27 -> 0.0049877716 | H73: =AL27 -> 0.0049877716 | I73: =AQ27 -> 0.0049877716 | J73: =AV27 -> 0.0049877716 | K73: =BA27 -> 0.0049877716 | L73: =BF27 -> 0.0049877716 | M73: =BK27 -> 0.0049877716 | N73: =BP27 -> 0.0049877716 | O73: =_xlfn.IFNA(VLOOKUP(A73,$W$52:$Y$86,2,0),"0%") -> 0% | P73: =IF(P$53=0,0%,SUMPRODUCT(($B$50:$O$50=P$50)*$B$53:$O$53*$B73:$O73)/P$53) -> 0 | Q73: =IF(Q$53=0,0%,SUMPRODUCT(($B$50:$O$50=Q$50)*$B$53:$O$53*$B73:$O73)/Q$53) -> 0 | R73: =IF(R$53=0,0%,SUMPRODUCT(($B$50:$O$50=R$50)*$B$53:$O$53*$B73:$O73)/R$53) -> 0 | S73: =IF(S$53=0,0%,SUMPRODUCT(($B$50:$O$50=S$50)*$B$53:$O$53*$B73:$O73)/S$53) -> 0.0049877716 | T73: =IF(T$53=0,0%,SUMPRODUCT(($B$50:$O$50=T$50)*$B$53:$O$53*$B73:$O73)/T$53) -> 0
A74: 风险品（ 未分责） | B74: =H28 -> 0 | C74: =M28 -> 0 | D74: =R28 -> 0 | E74: =W28 -> 0 | F74: =AB28 -> 0 | G74: =AG28 -> 0 | H74: =AL28 -> 0 | I74: =AQ28 -> 0 | J74: =AV28 -> 0 | K74: =BA28 -> 0 | L74: =BF28 -> 0 | M74: =BK28 -> 0 | N74: =BP28 -> 0 | O74: =_xlfn.IFNA(VLOOKUP(A74,$W$52:$Y$86,2,0),"0%") -> 0% | P74: =IF(P$53=0,0%,SUMPRODUCT(($B$50:$O$50=P$50)*$B$53:$O$53*$B74:$O74)/P$53) -> 0 | Q74: =IF(Q$53=0,0%,SUMPRODUCT(($B$50:$O$50=Q$50)*$B$53:$O$53*$B74:$O74)/Q$53) -> 0 | R74: =IF(R$53=0,0%,SUMPRODUCT(($B$50:$O$50=R$50)*$B$53:$O$53*$B74:$O74)/R$53) -> 0 | S74: =IF(S$53=0,0%,SUMPRODUCT(($B$50:$O$50=S$50)*$B$53:$O$53*$B74:$O74)/S$53) -> 0 | T74: =IF(T$53=0,0%,SUMPRODUCT(($B$50:$O$50=T$50)*$B$53:$O$53*$B74:$O74)/T$53) -> 0
A75: TP屏体 | B75: =H29 -> 0.99040281 | C75: =M29 -> 0.99040281 | D75: =R29 -> 0.99040281 | E75: =W29 -> 0.99040281 | F75: =AB29 -> 0.99040281 | G75: =AG29 -> 0.99040281 | H75: =AL29 -> 0.99040281 | I75: =AQ29 -> 0.99040281 | J75: =AV29 -> 0.99040281 | K75: =BA29 -> 0.99040281 | L75: =BF29 -> 0.99040281 | M75: =BK29 -> 0.99040281 | N75: =BP29 -> 0.99040281 | O75: =O76*99.96% -> 0 | P75: =IF(P$53=0,0%,SUMPRODUCT(($B$50:$O$50=P$50)*$B$53:$O$53*$B75:$O75)/P$53) -> 0 | Q75: =IF(Q$53=0,0%,SUMPRODUCT(($B$50:$O$50=Q$50)*$B$53:$O$53*$B75:$O75)/Q$53) -> 0 | R75: =IF(R$53=0,0%,SUMPRODUCT(($B$50:$O$50=R$50)*$B$53:$O$53*$B75:$O75)/R$53) -> 0 | S75: =IF(S$53=0,0%,SUMPRODUCT(($B$50:$O$50=S$50)*$B$53:$O$53*$B75:$O75)/S$53) -> 0.99040281 | T75: =IF(T$53=0,0%,SUMPRODUCT(($B$50:$O$50=T$50)*$B$53:$O$53*$B75:$O75)/T$53) -> 0
A76: TP还原入库良率 | B76: =H30 -> 0.99079913 | C76: =M30 -> 0.99079913 | D76: =R30 -> 0.99079913 | E76: =W30 -> 0.99079913 | F76: =AB30 -> 0.99079913 | G76: =AG30 -> 0.99079913 | H76: =AL30 -> 0.99079913 | I76: =AQ30 -> 0.99079913 | J76: =AV30 -> 0.99079913 | K76: =BA30 -> 0.99079913 | L76: =BF30 -> 0.99079913 | M76: =BK30 -> 0.99079913 | N76: =BP30 -> 0.99079913 | O76: =_xlfn.IFNA(VLOOKUP(A76,$W$52:$Y$86,2,0),"0%") -> 0% | P76: =IF(P$53=0,0%,SUMPRODUCT(($B$50:$O$50=P$50)*$B$53:$O$53*$B76:$O76)/P$53) -> 0 | Q76: =IF(Q$53=0,0%,SUMPRODUCT(($B$50:$O$50=Q$50)*$B$53:$O$53*$B76:$O76)/Q$53) -> 0 | R76: =IF(R$53=0,0%,SUMPRODUCT(($B$50:$O$50=R$50)*$B$53:$O$53*$B76:$O76)/R$53) -> 0 | S76: =IF(S$53=0,0%,SUMPRODUCT(($B$50:$O$50=S$50)*$B$53:$O$53*$B76:$O76)/S$53) -> 0.99079913 | T76: =IF(T$53=0,0%,SUMPRODUCT(($B$50:$O$50=T$50)*$B$53:$O$53*$B76:$O76)/T$53) -> 0
A77: TP_NG | B77: =H31 -> 0 | C77: =M31 -> 0 | D77: =R31 -> 0 | E77: =W31 -> 0 | F77: =AB31 -> 0 | G77: =AG31 -> 0 | H77: =AL31 -> 0 | I77: =AQ31 -> 0 | J77: =AV31 -> 0 | K77: =BA31 -> 0 | L77: =BF31 -> 0 | M77: =BK31 -> 0 | N77: =BP31 -> 0 | O77: =_xlfn.IFNA(VLOOKUP(A77,$W$52:$Y$86,2,0),"0%") -> 0% | P77: =IF(P$53=0,0%,SUMPRODUCT(($B$50:$O$50=P$50)*$B$53:$O$53*$B77:$O77)/P$53) -> 0 | Q77: =IF(Q$53=0,0%,SUMPRODUCT(($B$50:$O$50=Q$50)*$B$53:$O$53*$B77:$O77)/Q$53) -> 0 | R77: =IF(R$53=0,0%,SUMPRODUCT(($B$50:$O$50=R$50)*$B$53:$O$53*$B77:$O77)/R$53) -> 0 | S77: =IF(S$53=0,0%,SUMPRODUCT(($B$50:$O$50=S$50)*$B$53:$O$53*$B77:$O77)/S$53) -> 0 | T77: =IF(T$53=0,0%,SUMPRODUCT(($B$50:$O$50=T$50)*$B$53:$O$53*$B77:$O77)/T$53) -> 0
A78: TP_Short NG | B78: =H32 -> 0.0033954066 | C78: =M32 -> 0.0033954066 | D78: =R32 -> 0.0033954066 | E78: =W32 -> 0.0033954066 | F78: =AB32 -> 0.0033954066 | G78: =AG32 -> 0.0033954066 | H78: =AL32 -> 0.0033954066 | I78: =AQ32 -> 0.0033954066 | J78: =AV32 -> 0.0033954066 | K78: =BA32 -> 0.0033954066 | L78: =BF32 -> 0.0033954066 | M78: =BK32 -> 0.0033954066 | N78: =BP32 -> 0.0033954066 | O78: =_xlfn.IFNA(VLOOKUP(A78,$W$52:$Y$86,2,0),"0%") -> 0% | P78: =IF(P$53=0,0%,SUMPRODUCT(($B$50:$O$50=P$50)*$B$53:$O$53*$B78:$O78)/P$53) -> 0 | Q78: =IF(Q$53=0,0%,SUMPRODUCT(($B$50:$O$50=Q$50)*$B$53:$O$53*$B78:$O78)/Q$53) -> 0 | R78: =IF(R$53=0,0%,SUMPRODUCT(($B$50:$O$50=R$50)*$B$53:$O$53*$B78:$O78)/R$53) -> 0 | S78: =IF(S$53=0,0%,SUMPRODUCT(($B$50:$O$50=S$50)*$B$53:$O$53*$B78:$O78)/S$53) -> 0.0033954066 | T78: =IF(T$53=0,0%,SUMPRODUCT(($B$50:$O$50=T$50)*$B$53:$O$53*$B78:$O78)/T$53) -> 0
A79: TP 容值NG | B79: =H33 -> 0.0029919305 | C79: =M33 -> 0.0029919305 | D79: =R33 -> 0.0029919305 | E79: =W33 -> 0.0029919305 | F79: =AB33 -> 0.0029919305 | G79: =AG33 -> 0.0029919305 | H79: =AL33 -> 0.0029919305 | I79: =AQ33 -> 0.0029919305 | J79: =AV33 -> 0.0029919305 | K79: =BA33 -> 0.0029919305 | L79: =BF33 -> 0.0029919305 | M79: =BK33 -> 0.0029919305 | N79: =BP33 -> 0.0029919305 | O79: =_xlfn.IFNA(VLOOKUP(A79,$W$52:$Y$86,2,0),"0%") -> 0% | P79: =IF(P$53=0,0%,SUMPRODUCT(($B$50:$O$50=P$50)*$B$53:$O$53*$B79:$O79)/P$53) -> 0 | Q79: =IF(Q$53=0,0%,SUMPRODUCT(($B$50:$O$50=Q$50)*$B$53:$O$53*$B79:$O79)/Q$53) -> 0 | R79: =IF(R$53=0,0%,SUMPRODUCT(($B$50:$O$50=R$50)*$B$53:$O$53*$B79:$O79)/R$53) -> 0 | S79: =IF(S$53=0,0%,SUMPRODUCT(($B$50:$O$50=S$50)*$B$53:$O$53*$B79:$O79)/S$53) -> 0.0029919305 | T79: =IF(T$53=0,0%,SUMPRODUCT(($B$50:$O$50=T$50)*$B$53:$O$53*$B79:$O79)/T$53) -> 0
A80: TP_RS查杀 | B80: =H34 -> 0.0013904407 | C80: =M34 -> 0.0013904407 | D80: =R34 -> 0.0013904407 | E80: =W34 -> 0.0013904407 | F80: =AB34 -> 0.0013904407 | G80: =AG34 -> 0.0013904407 | H80: =AL34 -> 0.0013904407 | I80: =AQ34 -> 0.0013904407 | J80: =AV34 -> 0.0013904407 | K80: =BA34 -> 0.0013904407 | L80: =BF34 -> 0.0013904407 | M80: =BK34 -> 0.0013904407 | N80: =BP34 -> 0.0013904407 | O80: =_xlfn.IFNA(VLOOKUP(A80,$W$52:$Y$86,2,0),"0%") -> 0% | P80: =IF(P$53=0,0%,SUMPRODUCT(($B$50:$O$50=P$50)*$B$53:$O$53*$B80:$O80)/P$53) -> 0 | Q80: =IF(Q$53=0,0%,SUMPRODUCT(($B$50:$O$50=Q$50)*$B$53:$O$53*$B80:$O80)/Q$53) -> 0 | R80: =IF(R$53=0,0%,SUMPRODUCT(($B$50:$O$50=R$50)*$B$53:$O$53*$B80:$O80)/R$53) -> 0 | S80: =IF(S$53=0,0%,SUMPRODUCT(($B$50:$O$50=S$50)*$B$53:$O$53*$B80:$O80)/S$53) -> 0.0013904407 | T80: =IF(T$53=0,0%,SUMPRODUCT(($B$50:$O$50=T$50)*$B$53:$O$53*$B80:$O80)/T$53) -> 0
A81: TP其他 | B81: =H35 -> 0.0014230912 | C81: =M35 -> 0.0014230912 | D81: =R35 -> 0.0014230912 | E81: =W35 -> 0.0014230912 | F81: =AB35 -> 0.0014230912 | G81: =AG35 -> 0.0014230912 | H81: =AL35 -> 0.0014230912 | I81: =AQ35 -> 0.0014230912 | J81: =AV35 -> 0.0014230912 | K81: =BA35 -> 0.0014230912 | L81: =BF35 -> 0.0014230912 | M81: =BK35 -> 0.0014230912 | N81: =BP35 -> 0.0014230912 | O81: =_xlfn.IFNA(VLOOKUP(A81,$W$52:$Y$86,2,0),"0%") -> 0% | P81: =IF(P$53=0,0%,SUMPRODUCT(($B$50:$O$50=P$50)*$B$53:$O$53*$B81:$O81)/P$53) -> 0 | Q81: =IF(Q$53=0,0%,SUMPRODUCT(($B$50:$O$50=Q$50)*$B$53:$O$53*$B81:$O81)/Q$53) -> 0 | R81: =IF(R$53=0,0%,SUMPRODUCT(($B$50:$O$50=R$50)*$B$53:$O$53*$B81:$O81)/R$53) -> 0 | S81: =IF(S$53=0,0%,SUMPRODUCT(($B$50:$O$50=S$50)*$B$53:$O$53*$B81:$O81)/S$53) -> 0.0014230912 | T81: =IF(T$53=0,0%,SUMPRODUCT(($B$50:$O$50=T$50)*$B$53:$O$53*$B81:$O81)/T$53) -> 0
A82: 风险品（TP) | B82: =H36 -> 0 | C82: =M36 -> 0 | D82: =R36 -> 0 | E82: =W36 -> 0 | F82: =AB36 -> 0 | G82: =AG36 -> 0 | H82: =AL36 -> 0 | I82: =AQ36 -> 0 | J82: =AV36 -> 0 | K82: =BA36 -> 0 | L82: =BF36 -> 0 | M82: =BK36 -> 0 | N82: =BP36 -> 0 | O82: =_xlfn.IFNA(VLOOKUP(A82,$W$52:$Y$86,2,0),"0%") -> 0% | P82: =IF(P$53=0,0%,SUMPRODUCT(($B$50:$O$50=P$50)*$B$53:$O$53*$B82:$O82)/P$53) -> 0 | Q82: =IF(Q$53=0,0%,SUMPRODUCT(($B$50:$O$50=Q$50)*$B$53:$O$53*$B82:$O82)/Q$53) -> 0 | R82: =IF(R$53=0,0%,SUMPRODUCT(($B$50:$O$50=R$50)*$B$53:$O$53*$B82:$O82)/R$53) -> 0 | S82: =IF(S$53=0,0%,SUMPRODUCT(($B$50:$O$50=S$50)*$B$53:$O$53*$B82:$O82)/S$53) -> 0 | T82: =IF(T$53=0,0%,SUMPRODUCT(($B$50:$O$50=T$50)*$B$53:$O$53*$B82:$O82)/T$53) -> 0
A83: 风险品（ 未分责） | B83: =H37 -> 0 | C83: =M37 -> 0 | D83: =R37 -> 0 | E83: =W37 -> 0 | F83: =AB37 -> 0 | G83: =AG37 -> 0 | H83: =AL37 -> 0 | I83: =AQ37 -> 0 | J83: =AV37 -> 0 | K83: =BA37 -> 0 | L83: =BF37 -> 0 | M83: =BK37 -> 0 | N83: =BP37 -> 0 | O83: =_xlfn.IFNA(VLOOKUP(A83,$W$52:$Y$86,2,0),"0%") -> 0% | P83: =IF(P$53=0,0%,SUMPRODUCT(($B$50:$O$50=P$50)*$B$53:$O$53*$B83:$O83)/P$53) -> 0 | Q83: =IF(Q$53=0,0%,SUMPRODUCT(($B$50:$O$50=Q$50)*$B$53:$O$53*$B83:$O83)/Q$53) -> 0 | R83: =IF(R$53=0,0%,SUMPRODUCT(($B$50:$O$50=R$50)*$B$53:$O$53*$B83:$O83)/R$53) -> 0 | S83: =IF(S$53=0,0%,SUMPRODUCT(($B$50:$O$50=S$50)*$B$53:$O$53*$B83:$O83)/S$53) -> 0 | T83: =IF(T$53=0,0%,SUMPRODUCT(($B$50:$O$50=T$50)*$B$53:$O$53*$B83:$O83)/T$53) -> 0
A84: 屏体良率 | B84: =H38 -> 0.99780881 | C84: =M38 -> 0.99780881 | D84: =R38 -> 0.99780881 | E84: =W38 -> 0.99780881 | F84: =AB38 -> 0.99780881 | G84: =AG38 -> 0.99780881 | H84: =AL38 -> 0.99780881 | I84: =AQ38 -> 0.99780881 | J84: =AV38 -> 0.99780881 | K84: =BA38 -> 0.99780881 | L84: =BF38 -> 0.99780881 | M84: =BK38 -> 0.99780881 | N84: =BP38 -> 0.99780881 | O84: =O85 -> 0% | P84: =IF(P$53=0,0%,SUMPRODUCT(($B$50:$O$50=P$50)*$B$53:$O$53*$B84:$O84)/P$53) -> 0 | Q84: =IF(Q$53=0,0%,SUMPRODUCT(($B$50:$O$50=Q$50)*$B$53:$O$53*$B84:$O84)/Q$53) -> 0 | R84: =IF(R$53=0,0%,SUMPRODUCT(($B$50:$O$50=R$50)*$B$53:$O$53*$B84:$O84)/R$53) -> 0 | S84: =IF(S$53=0,0%,SUMPRODUCT(($B$50:$O$50=S$50)*$B$53:$O$53*$B84:$O84)/S$53) -> 0.99780881 | T84: =IF(T$53=0,0%,SUMPRODUCT(($B$50:$O$50=T$50)*$B$53:$O$53*$B84:$O84)/T$53) -> 0
A85: 屏体还原入库良率 | B85: =H39 -> 0.99780881 | C85: =M39 -> 0.99780881 | D85: =R39 -> 0.99780881 | E85: =W39 -> 0.99780881 | F85: =AB39 -> 0.99780881 | G85: =AG39 -> 0.99780881 | H85: =AL39 -> 0.99780881 | I85: =AQ39 -> 0.99780881 | J85: =AV39 -> 0.99780881 | K85: =BA39 -> 0.99780881 | L85: =BF39 -> 0.99780881 | M85: =BK39 -> 0.99780881 | N85: =BP39 -> 0.99780881 | O85: =_xlfn.IFNA(VLOOKUP(A85,$W$52:$Y$86,2,0),"0%") -> 0% | P85: =IF(P$53=0,0%,SUMPRODUCT(($B$50:$O$50=P$50)*$B$53:$O$53*$B85:$O85)/P$53) -> 0 | Q85: =IF(Q$53=0,0%,SUMPRODUCT(($B$50:$O$50=Q$50)*$B$53:$O$53*$B85:$O85)/Q$53) -> 0 | R85: =IF(R$53=0,0%,SUMPRODUCT(($B$50:$O$50=R$50)*$B$53:$O$53*$B85:$O85)/R$53) -> 0 | S85: =IF(S$53=0,0%,SUMPRODUCT(($B$50:$O$50=S$50)*$B$53:$O$53*$B85:$O85)/S$53) -> 0.99780881 | T85: =IF(T$53=0,0%,SUMPRODUCT(($B$50:$O$50=T$50)*$B$53:$O$53*$B85:$O85)/T$53) -> 0
A86: 检测技术部 | B86: =H40 -> 0.00039106145 | C86: =M40 -> 0.00039106145 | D86: =R40 -> 0.00039106145 | E86: =W40 -> 0.00039106145 | F86: =AB40 -> 0.00039106145 | G86: =AG40 -> 0.00039106145 | H86: =AL40 -> 0.00039106145 | I86: =AQ40 -> 0.00039106145 | J86: =AV40 -> 0.00039106145 | K86: =BA40 -> 0.00039106145 | L86: =BF40 -> 0.00039106145 | M86: =BK40 -> 0.00039106145 | N86: =BP40 -> 0.00039106145 | O86: =_xlfn.IFNA(VLOOKUP(A86,$W$52:$Y$86,2,0),"0%") -> 0% | P86: =IF(P$53=0,0%,SUMPRODUCT(($B$50:$O$50=P$50)*$B$53:$O$53*$B86:$O86)/P$53) -> 0 | Q86: =IF(Q$53=0,0%,SUMPRODUCT(($B$50:$O$50=Q$50)*$B$53:$O$53*$B86:$O86)/Q$53) -> 0 | R86: =IF(R$53=0,0%,SUMPRODUCT(($B$50:$O$50=R$50)*$B$53:$O$53*$B86:$O86)/R$53) -> 0 | S86: =IF(S$53=0,0%,SUMPRODUCT(($B$50:$O$50=S$50)*$B$53:$O$53*$B86:$O86)/S$53) -> 0.00039106145 | T86: =IF(T$53=0,0%,SUMPRODUCT(($B$50:$O$50=T$50)*$B$53:$O$53*$B86:$O86)/T$53) -> 0
A87: 屏体技术部 | B87: =H41 -> 1.8621974e-05 | C87: =M41 -> 1.8621974e-05 | D87: =R41 -> 1.8621974e-05 | E87: =W41 -> 1.8621974e-05 | F87: =AB41 -> 1.8621974e-05 | G87: =AG41 -> 1.8621974e-05 | H87: =AL41 -> 1.8621974e-05 | I87: =AQ41 -> 1.8621974e-05 | J87: =AV41 -> 1.8621974e-05 | K87: =BA41 -> 1.8621974e-05 | L87: =BF41 -> 1.8621974e-05 | M87: =BK41 -> 1.8621974e-05 | N87: =BP41 -> 1.8621974e-05 | O87: =_xlfn.IFNA(VLOOKUP(A87,$W$52:$Y$86,2,0),"0%") -> 0% | P87: =IF(P$53=0,0%,SUMPRODUCT(($B$50:$O$50=P$50)*$B$53:$O$53*$B87:$O87)/P$53) -> 0 | Q87: =IF(Q$53=0,0%,SUMPRODUCT(($B$50:$O$50=Q$50)*$B$53:$O$53*$B87:$O87)/Q$53) -> 0 | R87: =IF(R$53=0,0%,SUMPRODUCT(($B$50:$O$50=R$50)*$B$53:$O$53*$B87:$O87)/R$53) -> 0 | S87: =IF(S$53=0,0%,SUMPRODUCT(($B$50:$O$50=S$50)*$B$53:$O$53*$B87:$O87)/S$53) -> 1.8621974e-05 | T87: =IF(T$53=0,0%,SUMPRODUCT(($B$50:$O$50=T$50)*$B$53:$O$53*$B87:$O87)/T$53) -> 0
A88: 屏体制造 | B88: =H42 -> 1.8621974e-05 | C88: =M42 -> 1.8621974e-05 | D88: =R42 -> 1.8621974e-05 | E88: =W42 -> 1.8621974e-05 | F88: =AB42 -> 1.8621974e-05 | G88: =AG42 -> 1.8621974e-05 | H88: =AL42 -> 1.8621974e-05 | I88: =AQ42 -> 1.8621974e-05 | J88: =AV42 -> 1.8621974e-05 | K88: =BA42 -> 1.8621974e-05 | L88: =BF42 -> 1.8621974e-05 | M88: =BK42 -> 1.8621974e-05 | N88: =BP42 -> 1.8621974e-05 | O88: =_xlfn.IFNA(VLOOKUP(A88,$W$52:$Y$86,2,0),"0%") -> 0% | P88: =IF(P$53=0,0%,SUMPRODUCT(($B$50:$O$50=P$50)*$B$53:$O$53*$B88:$O88)/P$53) -> 0 | Q88: =IF(Q$53=0,0%,SUMPRODUCT(($B$50:$O$50=Q$50)*$B$53:$O$53*$B88:$O88)/Q$53) -> 0 | R88: =IF(R$53=0,0%,SUMPRODUCT(($B$50:$O$50=R$50)*$B$53:$O$53*$B88:$O88)/R$53) -> 0 | S88: =IF(S$53=0,0%,SUMPRODUCT(($B$50:$O$50=S$50)*$B$53:$O$53*$B88:$O88)/S$53) -> 1.8621974e-05 | T88: =IF(T$53=0,0%,SUMPRODUCT(($B$50:$O$50=T$50)*$B$53:$O$53*$B88:$O88)/T$53) -> 0
A89: 外观不良 | B89: =H43 -> 0.0017628802 | C89: =M43 -> 0.0017628802 | D89: =R43 -> 0.0017628802 | E89: =W43 -> 0.0017628802 | F89: =AB43 -> 0.0017628802 | G89: =AG43 -> 0.0017628802 | H89: =AL43 -> 0.0017628802 | I89: =AQ43 -> 0.0017628802 | J89: =AV43 -> 0.0017628802 | K89: =BA43 -> 0.0017628802 | L89: =BF43 -> 0.0017628802 | M89: =BK43 -> 0.0017628802 | N89: =BP43 -> 0.0017628802 | O89: =_xlfn.IFNA(VLOOKUP(A89,$W$52:$Y$86,2,0),"0%") -> 0% | P89: =IF(P$53=0,0%,SUMPRODUCT(($B$50:$O$50=P$50)*$B$53:$O$53*$B89:$O89)/P$53) -> 0 | Q89: =IF(Q$53=0,0%,SUMPRODUCT(($B$50:$O$50=Q$50)*$B$53:$O$53*$B89:$O89)/Q$53) -> 0 | R89: =IF(R$53=0,0%,SUMPRODUCT(($B$50:$O$50=R$50)*$B$53:$O$53*$B89:$O89)/R$53) -> 0 | S89: =IF(S$53=0,0%,SUMPRODUCT(($B$50:$O$50=S$50)*$B$53:$O$53*$B89:$O89)/S$53) -> 0.0017628802 | T89: =IF(T$53=0,0%,SUMPRODUCT(($B$50:$O$50=T$50)*$B$53:$O$53*$B89:$O89)/T$53) -> 0
A90: 风险品（屏体) | B90: =H44 -> 0 | C90: =M44 -> 0 | D90: =R44 -> 0 | E90: =W44 -> 0 | F90: =AB44 -> 0 | G90: =AG44 -> 0 | H90: =AL44 -> 0 | I90: =AQ44 -> 0 | J90: =AV44 -> 0 | K90: =BA44 -> 0 | L90: =BF44 -> 0 | M90: =BK44 -> 0 | N90: =BP44 -> 0 | O90: =_xlfn.IFNA(VLOOKUP(A90,$W$52:$Y$86,2,0),"0%") -> 0% | P90: =IF(P$53=0,0%,SUMPRODUCT(($B$50:$O$50=P$50)*$B$53:$O$53*$B90:$O90)/P$53) -> 0 | Q90: =IF(Q$53=0,0%,SUMPRODUCT(($B$50:$O$50=Q$50)*$B$53:$O$53*$B90:$O90)/Q$53) -> 0 | R90: =IF(R$53=0,0%,SUMPRODUCT(($B$50:$O$50=R$50)*$B$53:$O$53*$B90:$O90)/R$53) -> 0 | S90: =IF(S$53=0,0%,SUMPRODUCT(($B$50:$O$50=S$50)*$B$53:$O$53*$B90:$O90)/S$53) -> 0 | T90: =IF(T$53=0,0%,SUMPRODUCT(($B$50:$O$50=T$50)*$B$53:$O$53*$B90:$O90)/T$53) -> 0
A91: 风险品（ 未分责） | B91: =H45 -> 0 | C91: =M45 -> 0 | D91: =R45 -> 0 | E91: =W45 -> 0 | F91: =AB45 -> 0 | G91: =AG45 -> 0 | H91: =AL45 -> 0 | I91: =AQ45 -> 0 | J91: =AV45 -> 0 | K91: =BA45 -> 0 | L91: =BF45 -> 0 | M91: =BK45 -> 0 | N91: =BP45 -> 0 | O91: =_xlfn.IFNA(VLOOKUP(A91,$W$52:$Y$86,2,0),"0%") -> 0% | P91: =IF(P$53=0,0%,SUMPRODUCT(($B$50:$O$50=P$50)*$B$53:$O$53*$B91:$O91)/P$53) -> 0 | Q91: =IF(Q$53=0,0%,SUMPRODUCT(($B$50:$O$50=Q$50)*$B$53:$O$53*$B91:$O91)/Q$53) -> 0 | R91: =IF(R$53=0,0%,SUMPRODUCT(($B$50:$O$50=R$50)*$B$53:$O$53*$B91:$O91)/R$53) -> 0 | S91: =IF(S$53=0,0%,SUMPRODUCT(($B$50:$O$50=S$50)*$B$53:$O$53*$B91:$O91)/S$53) -> 0 | T91: =IF(T$53=0,0%,SUMPRODUCT(($B$50:$O$50=T$50)*$B$53:$O$53*$B91:$O91)/T$53) -> 0
A92: 正贡献 | B92: =F46 -> 0.0302 | C92: =K46 -> 0 | D92: =P46 -> 0 | E92: =U46 -> 0 | F92: =Z46 -> 0 | G92: =AE46 -> 0 | H92: =AL46 -> 0 | I92: =AQ46 -> 0 | J92: =AV46 -> 0 | K92: =BA46 -> 0 | L92: =BF46 -> 0 | M92: =BK46 -> 0 | N92: =BP46 -> 0 | O92: =_xlfn.IFNA(VLOOKUP(A92,$W$52:$Y$86,2,0),"0%") -> 0% | P92: =IF(P$53=0,0%,SUMPRODUCT(($B$50:$O$50=P$50)*$B$53:$O$53*$B92:$O92)/P$53) -> 0 | Q92: =IF(Q$53=0,0%,SUMPRODUCT(($B$50:$O$50=Q$50)*$B$53:$O$53*$B92:$O92)/Q$53) -> 0 | R92: =IF(R$53=0,0%,SUMPRODUCT(($B$50:$O$50=R$50)*$B$53:$O$53*$B92:$O92)/R$53) -> 0 | S92: =IF(S$53=0,0%,SUMPRODUCT(($B$50:$O$50=S$50)*$B$53:$O$53*$B92:$O92)/S$53) -> 0.0302 | T92: =IF(T$53=0,0%,SUMPRODUCT(($B$50:$O$50=T$50)*$B$53:$O$53*$B92:$O92)/T$53) -> 0
A93: 负影响 | B93: =G46 -> 0 | C93: =L46 -> 0 | D93: =Q46 -> 0 | E93: =V46 -> 0 | F93: =AA46 -> 0 | G93: =AF46 -> 0 | H93: =AL47 -> 0 | I93: =AQ47 -> 0 | J93: =AV47 -> 0 | K93: =BA47 -> 0 | L93: =BF47 -> 0 | M93: =BK47 -> 0 | N93: =BP47 -> 0 | O93: =_xlfn.IFNA(VLOOKUP(A93,$W$52:$Y$86,2,0),"0%") -> 0% | P93: =IF(P$53=0,0%,SUMPRODUCT(($B$50:$O$50=P$50)*$B$53:$O$53*$B93:$O93)/P$53) -> 0 | Q93: =IF(Q$53=0,0%,SUMPRODUCT(($B$50:$O$50=Q$50)*$B$53:$O$53*$B93:$O93)/Q$53) -> 0 | R93: =IF(R$53=0,0%,SUMPRODUCT(($B$50:$O$50=R$50)*$B$53:$O$53*$B93:$O93)/R$53) -> 0 | S93: =IF(S$53=0,0%,SUMPRODUCT(($B$50:$O$50=S$50)*$B$53:$O$53*$B93:$O93)/S$53) -> 0 | T93: =IF(T$53=0,0%,SUMPRODUCT(($B$50:$O$50=T$50)*$B$53:$O$53*$B93:$O93)/T$53) -> 0

Sheet C471
B1: =VLOOKUP(A5,'PMC数据辅助&月良率预估'!$AR$3:$AS$130,2,0) -> 折叠 | C1: 0.75 | E1: A1
A2: =VLOOKUP(A5,切数!$C:$J,8,0) -> 45 | B2: 辅助列 | D2: 已生产批次 | E2: 月预估=当月各批次良率加权
A3: 预估月 | E3: =_xlfn.IFNA(VLOOKUP($A$5&E$4,'PMC数据辅助&月良率预估'!$B$2:$G$1000,2,0),"") -> M02 | J3: =_xlfn.IFNA(VLOOKUP($A$5&J$4,'PMC数据辅助&月良率预估'!$B$2:$G$1000,2,0),"") -> M03 | O3: =_xlfn.IFNA(VLOOKUP($A$5&O$4,'PMC数据辅助&月良率预估'!$B$2:$G$1000,2,0),"") -> M03 | T3: =_xlfn.IFNA(VLOOKUP($A$5&T$4,'PMC数据辅助&月良率预估'!$B$2:$G$1000,2,0),"") -> M03 | Y3: =_xlfn.IFNA(VLOOKUP($A$5&Y$4,'PMC数据辅助&月良率预估'!$B$2:$G$1000,2,0),"") -> M04 | AD3: =_xlfn.IFNA(VLOOKUP($A$5&AD$4,'PMC数据辅助&月良率预估'!$B$2:$G$1000,2,0),"") -> M04 | AI3: =_xlfn.IFNA(VLOOKUP($A$5&AI$4,'PMC数据辅助&月良率预估'!$B$2:$G$1000,2,0),"") -> M04 | AN3: =_xlfn.IFNA(VLOOKUP($A$5&AN$4,'PMC数据辅助&月良率预估'!$B$2:$G$1000,2,0),"") -> M05 | AS3: =_xlfn.IFNA(VLOOKUP($A$5&AS$4,'PMC数据辅助&月良率预估'!$B$2:$G$1000,2,0),"") -> M05 | AX3: =_xlfn.IFNA(VLOOKUP($A$5&AX$4,'PMC数据辅助&月良率预估'!$B$2:$G$1000,2,0),"") -> M06 | BC3: =_xlfn.IFNA(VLOOKUP($A$5&BC$4,'PMC数据辅助&月良率预估'!$B$2:$G$1000,2,0),"") | BH3: =_xlfn.IFNA(VLOOKUP($A$5&BH$4,'PMC数据辅助&月良率预估'!$B$2:$G$1000,2,0),"") | BM3: =_xlfn.IFNA(VLOOKUP($A$5&BM$4,'PMC数据辅助&月良率预估'!$B$2:$G$1000,2,0),"")
A4: 蒸镀批次 | B4: 26/01/18蒸镀批 | C4: 25/12/19蒸镀批 | D4: 26/01/29蒸镀批 | E4: =_xlfn.IFNA(VLOOKUP($A$5&COLUMN($A$1),'PMC数据辅助&月良率预估'!$A:$F,5,0),"") -> 01/29蒸镀批次 | J4: =_xlfn.IFNA(VLOOKUP($A$5&COLUMN($B$1),'PMC数据辅助&月良率预估'!$A:$F,5,0),"") -> 02/10蒸镀批次 | O4: =_xlfn.IFNA(VLOOKUP($A$5&COLUMN($C$1),'PMC数据辅助&月良率预估'!$A:$F,5,0),"") -> 02/20蒸镀批次 | T4: =_xlfn.IFNA(VLOOKUP($A$5&COLUMN($D$1),'PMC数据辅助&月良率预估'!$A:$F,5,0),"") -> 03/04蒸镀批次 | Y4: =_xlfn.IFNA(VLOOKUP($A$5&COLUMN($E$1),'PMC数据辅助&月良率预估'!$A:$F,5,0),"") -> 03/16蒸镀批次 | AD4: =_xlfn.IFNA(VLOOKUP($A$5&COLUMN($F$1),'PMC数据辅助&月良率预估'!$A:$F,5,0),"") -> 03/27蒸镀批次 | AI4: =_xlfn.IFNA(VLOOKUP($A$5&COLUMN($G$1),'PMC数据辅助&月良率预估'!$A:$F,5,0),"") -> 04/09蒸镀批次 | AN4: =_xlfn.IFNA(VLOOKUP($A$5&COLUMN($H$1),'PMC数据辅助&月良率预估'!$A:$F,5,0),"") -> 04/27蒸镀批次 | AS4: =_xlfn.IFNA(VLOOKUP($A$5&COLUMN($I$1),'PMC数据辅助&月良率预估'!$A:$F,5,0),"") -> 05/08蒸镀批次 | AX4: =_xlfn.IFNA(VLOOKUP($A$5&COLUMN($J$1),'PMC数据辅助&月良率预估'!$A:$F,5,0),"") -> 05/21蒸镀批次 | BC4: =_xlfn.IFNA(VLOOKUP($A$5&COLUMN($K$1),'PMC数据辅助&月良率预估'!$A:$F,5,0),"") | BH4: =_xlfn.IFNA(VLOOKUP($A$5&COLUMN($L$1),'PMC数据辅助&月良率预估'!$A:$F,5,0),"") | BM4: =_xlfn.IFNA(VLOOKUP($A$5&COLUMN($M$1),'PMC数据辅助&月良率预估'!$A:$F,5,0),"")
A5: C471 | B5: 不良率 | C5: 不良率 | E5: 对策合入/异常影响 | F5: 良率正贡献 （贡献加和值） | G5: 良率负影响 （影响加和值） | H5: 不良预估 现状-正贡献+负影响 | I5: Inline佐证数据 | J5: 对策合入/异常影响 | K5: 良率正贡献 （贡献加和值） | L5: 良率负影响 （影响加和值） | M5: 不良预估 现状-正贡献+负影响 | N5: Inline佐证数据 | O5: 对策合入/异常影响 | P5: 良率正贡献 （贡献加和值） | Q5: 良率负影响 （影响加和值） | R5: 不良预估 现状-正贡献+负影响 | S5: Inline佐证数据 | T5: 对策合入/异常影响 | U5: 良率正贡献 （贡献加和值） | V5: 良率负影响 （影响加和值） | W5: 不良预估 现状-正贡献+负影响 | X5: Inline佐证数据 | Y5: 对策合入/异常影响 | Z5: 良率正贡献 （贡献加和值） | AA5: 良率负影响 （影响加和值） | AB5: 不良预估 现状-正贡献+负影响 | AC5: Inline佐证数据 | AD5: 对策合入/异常影响 | AE5: 良率正贡献 （贡献加和值） | AF5: 良率负影响 （影响加和值） | AG5: 不良预估 现状-正贡献+负影响 | AH5: Inline佐证数据 | AI5: 对策合入/异常影响 | AJ5: 良率正贡献 （贡献加和值） | AK5: 良率负影响 （影响加和值） | AL5: 不良预估 现状-正贡献+负影响 | AM5: Inline佐证数据 | AN5: 对策合入/异常影响 | AO5: 良率正贡献 （贡献加和值） | AP5: 良率负影响 （影响加和值） | AQ5: 不良预估 现状-正贡献+负影响 | AR5: Inline佐证数据 | AS5: 对策合入/异常影响 | AT5: 良率正贡献 （贡献加和值） | AU5: 良率负影响 （影响加和值） | AV5: 不良预估 现状-正贡献+负影响 | AW5: Inline佐证数据 | AX5: 对策合入/异常影响 | AY5: 良率正贡献 （贡献加和值） | AZ5: 良率负影响 （影响加和值） | BA5: 不良预估 现状-正贡献+负影响 | BB5: Inline佐证数据 | BC5: 对策合入/异常影响 | BD5: 良率正贡献 （贡献加和值） | BE5: 良率负影响 （影响加和值） | BF5: 不良预估 现状-正贡献+负影响 | BG5: Inline佐证数据 | BH5: 对策合入/异常影响 | BI5: 良率正贡献 （贡献加和值） | BJ5: 良率负影响 （影响加和值） | BK5: 不良预估 现状-正贡献+负影响 | BL5: Inline佐证数据 | BM5: 对策合入/异常影响 | BN5: 良率正贡献 （贡献加和值） | BO5: 良率负影响 （影响加和值） | BP5: 不良预估 现状-正贡献+负影响 | BQ5: Inline佐证数据
A6: 入库数 | B6: =_xlfn.IFNA(VLOOKUP($A6,批次辅助!$A$4:$DC$41,MATCH($A$5&B$4,批次辅助!$A$1:$DC$1,0),0),0) -> 110354 | C6: =_xlfn.IFNA(VLOOKUP($A6,批次辅助!$A$4:$DC$41,MATCH($A$5&C$4,批次辅助!$A$1:$DC$1,0),0),0) -> 75195 | D6: =_xlfn.IFNA(VLOOKUP($A6,批次辅助!$A$4:$DC$41,MATCH($A$5&D$4,批次辅助!$A$1:$DC$1,0),0),0) -> 36264 | E6: =_xlfn.IFNA(VLOOKUP($A$5&E$4,'PMC数据辅助&月良率预估'!$B$2:$G$599,5,0),0) -> 958 | J6: =_xlfn.IFNA(VLOOKUP($A$5&J$4,'PMC数据辅助&月良率预估'!$B$2:$G$599,5,0),0) -> 1498 | O6: =_xlfn.IFNA(VLOOKUP($A$5&O$4,'PMC数据辅助&月良率预估'!$B$2:$G$599,5,0),0) -> 626 | T6: =_xlfn.IFNA(VLOOKUP($A$5&T$4,'PMC数据辅助&月良率预估'!$B$2:$G$599,5,0),0) -> 1667 | Y6: =_xlfn.IFNA(VLOOKUP($A$5&Y$4,'PMC数据辅助&月良率预估'!$B$2:$G$599,5,0),0) -> 1750 | AD6: =_xlfn.IFNA(VLOOKUP($A$5&AD$4,'PMC数据辅助&月良率预估'!$B$2:$G$599,5,0),0) -> 1640 | AI6: =_xlfn.IFNA(VLOOKUP($A$5&AI$4,'PMC数据辅助&月良率预估'!$B$2:$G$599,5,0),0) -> 100 | AN6: =_xlfn.IFNA(VLOOKUP($A$5&AN$4,'PMC数据辅助&月良率预估'!$B$2:$G$599,5,0),0) -> 1680 | AS6: =_xlfn.IFNA(VLOOKUP($A$5&AS$4,'PMC数据辅助&月良率预估'!$B$2:$G$599,5,0),0) -> 1680 | AX6: =_xlfn.IFNA(VLOOKUP($A$5&AX$4,'PMC数据辅助&月良率预估'!$B$2:$G$599,5,0),0) -> 1680 | BC6: =_xlfn.IFNA(VLOOKUP($A$5&BC$4,'PMC数据辅助&月良率预估'!$B$2:$G$599,5,0),0) -> 0 | BH6: =_xlfn.IFNA(VLOOKUP($A$5&BH$4,'PMC数据辅助&月良率预估'!$B$2:$G$599,5,0),0) -> 0 | BM6: =_xlfn.IFNA(VLOOKUP($A$5&BM$4,'PMC数据辅助&月良率预估'!$B$2:$G$599,5,0),0) -> 0
A7: 蒸镀数量 | B7: =_xlfn.IFNA(VLOOKUP($A7,批次辅助!$A$4:$DC$41,MATCH($A$5&B$4,批次辅助!$A$1:$DC$1,0),0),0) -> 114210 | C7: =_xlfn.IFNA(VLOOKUP($A7,批次辅助!$A$4:$DC$41,MATCH($A$5&C$4,批次辅助!$A$1:$DC$1,0),0),0) -> 75330 | D7: =_xlfn.IFNA(VLOOKUP($A7,批次辅助!$A$4:$DC$41,MATCH($A$5&D$4,批次辅助!$A$1:$DC$1,0),0),0) -> 43110 | E7: =_xlfn.IFNA(VLOOKUP($A$5&E$4,'PMC数据辅助&月良率预估'!$B$2:$G$599,6,0),0) -> 958 | J7: =_xlfn.IFNA(VLOOKUP($A$5&J$4,'PMC数据辅助&月良率预估'!$B$2:$G$599,6,0),0) -> 1498 | O7: =_xlfn.IFNA(VLOOKUP($A$5&O$4,'PMC数据辅助&月良率预估'!$B$2:$G$599,6,0),0) -> 626 | T7: =_xlfn.IFNA(VLOOKUP($A$5&T$4,'PMC数据辅助&月良率预估'!$B$2:$G$599,6,0),0) -> 1667 | Y7: =_xlfn.IFNA(VLOOKUP($A$5&Y$4,'PMC数据辅助&月良率预估'!$B$2:$G$599,6,0),0) -> 1750 | AD7: =_xlfn.IFNA(VLOOKUP($A$5&AD$4,'PMC数据辅助&月良率预估'!$B$2:$G$599,6,0),0) -> 1640 | AI7: =_xlfn.IFNA(VLOOKUP($A$5&AI$4,'PMC数据辅助&月良率预估'!$B$2:$G$599,6,0),0) -> 100 | AN7: =_xlfn.IFNA(VLOOKUP($A$5&AN$4,'PMC数据辅助&月良率预估'!$B$2:$G$599,6,0),0) -> 1680 | AS7: =_xlfn.IFNA(VLOOKUP($A$5&AS$4,'PMC数据辅助&月良率预估'!$B$2:$G$599,6,0),0) -> 1680 | AX7: =_xlfn.IFNA(VLOOKUP($A$5&AX$4,'PMC数据辅助&月良率预估'!$B$2:$G$599,6,0),0) -> 1680 | BC7: =_xlfn.IFNA(VLOOKUP($A$5&BC$4,'PMC数据辅助&月良率预估'!$B$2:$G$599,6,0),0) -> 0 | BH7: =_xlfn.IFNA(VLOOKUP($A$5&BH$4,'PMC数据辅助&月良率预估'!$B$2:$G$599,6,0),0) -> 0 | BM7: =_xlfn.IFNA(VLOOKUP($A$5&BM$4,'PMC数据辅助&月良率预估'!$B$2:$G$599,6,0),0) -> 0
A8: 批次入库率 | B8: =_xlfn.IFNA(VLOOKUP($A8,批次辅助!$A$4:$DC$41,MATCH($A$5&B$4,批次辅助!$A$1:$DC$1,0),0),0) -> 0.96702565 | C8: =_xlfn.IFNA(VLOOKUP($A8,批次辅助!$A$4:$DC$41,MATCH($A$5&C$4,批次辅助!$A$1:$DC$1,0),0),0) -> 1 | D8: =_xlfn.IFNA(VLOOKUP($A8,批次辅助!$A$4:$DC$41,MATCH($A$5&D$4,批次辅助!$A$1:$DC$1,0),0),0) -> 0.84641614 | E8: =IF(E6=0,0%,E7/E6) -> 1 | J8: =IF(J6=0,0%,J7/J6) -> 1 | O8: =IF(O6=0,0%,O7/O6) -> 1 | T8: =IF(T6=0,0%,T7/T6) -> 1 | Y8: =IF(Y6=0,0%,Y7/Y6) -> 1 | AD8: =IF(AD6=0,0%,AD7/AD6) -> 1 | AI8: =IF(AI6=0,0%,AI7/AI6) -> 1 | AN8: =IF(AN6=0,0%,AN7/AN6) -> 1 | AS8: =IF(AS6=0,0%,AS7/AS6) -> 1 | AX8: =IF(AX6=0,0%,AX7/AX6) -> 1 | BC8: =IF(BC6=0,0%,BC7/BC6) -> 0 | BH8: =IF(BH6=0,0%,BH7/BH6) -> 0 | BM8: =IF(BM6=0,0%,BM7/BM6) -> 0
A9: 入库良率 | B9: =_xlfn.IFNA(VLOOKUP($A9,批次辅助!$A$4:$DC$41,MATCH($A$5&B$4,批次辅助!$A$1:$DC$1,0),0),0) -> 0.82200917 | C9: =_xlfn.IFNA(VLOOKUP($A9,批次辅助!$A$4:$DC$41,MATCH($A$5&C$4,批次辅助!$A$1:$DC$1,0),0),0) -> 0.74483676 | D9: =_xlfn.IFNA(VLOOKUP($A9,批次辅助!$A$4:$DC$41,MATCH($A$5&D$4,批次辅助!$A$1:$DC$1,0),0),0) -> 0.79668542 | H9: =H10-H19-H27-H28-H36-H37-H44-H45 -> 0.78050838 | M9: =M10-M19-M27-M28-M36-M37-M44-M45 -> 0.83067826 | R9: =R10-R19-R27-R28-R36-R37-R44-R45 -> 0.79872938 | W9: =W10-W19-W27-W28-W36-W37-W44-W45 -> 0.81868066 | AB9: =AB10-AB19-AB27-AB28-AB36-AB37-AB44-AB45 -> 0.82568126 | AG9: =AG10-AG19-AG27-AG28-AG36-AG37-AG44-AG45 -> 0.82568126 | AL9: =AL10-AL19-AL27-AL28-AL36-AL37-AL44-AL45 -> 0.82568126 | AQ9: =AQ10-AQ19-AQ27-AQ28-AQ36-AQ37-AQ44-AQ45 -> 0.82568126 | AV9: =AV10-AV19-AV27-AV28-AV36-AV37-AV44-AV45 -> 0.83067826 | BA9: =BA10-BA19-BA27-BA28-BA36-BA37-BA44-BA45 -> 0.83067826 | BF9: =BF10-BF19-BF27-BF28-BF36-BF37-BF44-BF45 -> 0.83067826 | BK9: =BK10-BK19-BK27-BK28-BK36-BK37-BK44-BK45 -> 0.83067826 | BP9: =BP10-BP19-BP27-BP28-BP36-BP37-BP44-BP45 -> 0.83067826
A10: 屏体良率 | B10: =B9+B19+B27+B28+B36+B37+B44+B45 -> 0.82200917 | C10: =C9+C19+C27+C28+C36+C37+C44+C45 -> 0.80583676 | D10: =D9+D19+D27+D28+D36+D37+D44+D45 -> 0.79668542 | H10: =(H12+H21+H30+H39)*99.94%-3 -> 0.78050838 | M10: =(M12+M21+M30+M39)*99.94%-3 -> 0.83067826 | R10: =(R12+R21+R30+R39)*99.94%-3 -> 0.83067826 | W10: =(W12+W21+W30+W39)*99.94%-3 -> 0.83067826 | AB10: =(AB12+AB21+AB30+AB39)*99.94%-3 -> 0.82568126 | AG10: =(AG12+AG21+AG30+AG39)*99.94%-3 -> 0.82568126 | AL10: =(AL12+AL21+AL30+AL39)*99.94%-3 -> 0.82568126 | AQ10: =(AQ12+AQ21+AQ30+AQ39)*99.94%-3 -> 0.82568126 | AV10: =(AV12+AV21+AV30+AV39)*99.94%-3 -> 0.83067826 | BA10: =(BA12+BA21+BA30+BA39)*99.94%-3 -> 0.83067826 | BF10: =(BF12+BF21+BF30+BF39)*99.94%-3 -> 0.83067826 | BK10: =(BK12+BK21+BK30+BK39)*99.94%-3 -> 0.83067826 | BP10: =(BP12+BP21+BP30+BP39)*99.94%-3 -> 0.83067826
A11: Array | H11: =H12*99.9% -> 0.88161322 | M11: =M12*99.9% -> 0.88161322 | R11: =R12*99.9% -> 0.88161322 | W11: =W12*99.9% -> 0.88161322 | AB11: =AB12*99.9% -> 0.88161322 | AG11: =AG12*99.9% -> 0.88161322 | AL11: =AL12*99.9% -> 0.88161322 | AQ11: =AQ12*99.9% -> 0.88161322 | AV11: =AV12*99.9% -> 0.88161322 | BA11: =BA12*99.9% -> 0.88161322 | BF11: =BF12*99.9% -> 0.88161322 | BK11: =BK12*99.9% -> 0.88161322 | BP11: =BP12*99.9% -> 0.88161322
A12: ARRAY还原入库良率 | B12: =_xlfn.IFNA(VLOOKUP($A12,批次辅助!$A$4:$DC$41,MATCH($A$5&B$4,批次辅助!$A$1:$DC$1,0),0),0) -> 0.86907588 | C12: =_xlfn.IFNA(VLOOKUP($A12,批次辅助!$A$4:$DC$41,MATCH($A$5&C$4,批次辅助!$A$1:$DC$1,0),0),0) -> 0.83081322 | D12: =_xlfn.IFNA(VLOOKUP($A12,批次辅助!$A$4:$DC$41,MATCH($A$5&D$4,批次辅助!$A$1:$DC$1,0),0),0) -> 0.89328259 | H12: =1-SUM(H13:H18) -> 0.88249571 | M12: =1-SUM(M13:M18) -> 0.88249571 | R12: =1-SUM(R13:R18) -> 0.88249571 | W12: =1-SUM(W13:W18) -> 0.88249571 | AB12: =1-SUM(AB13:AB18) -> 0.88249571 | AG12: =1-SUM(AG13:AG18) -> 0.88249571 | AL12: =1-SUM(AL13:AL18) -> 0.88249571 | AQ12: =1-SUM(AQ13:AQ18) -> 0.88249571 | AV12: =1-SUM(AV13:AV18) -> 0.88249571 | BA12: =1-SUM(BA13:BA18) -> 0.88249571 | BF12: =1-SUM(BF13:BF18) -> 0.88249571 | BK12: =1-SUM(BK13:BK18) -> 0.88249571 | BP12: =1-SUM(BP13:BP18) -> 0.88249571
A13: Array_AD | B13: =_xlfn.IFNA(VLOOKUP($A13,批次辅助!$A$4:$DC$41,MATCH($A$5&B$4,批次辅助!$A$1:$DC$1,0),0),0) -> 0.037986842 | C13: =_xlfn.IFNA(VLOOKUP($A13,批次辅助!$A$4:$DC$41,MATCH($A$5&C$4,批次辅助!$A$1:$DC$1,0),0),0) -> 0.031185584 | D13: =_xlfn.IFNA(VLOOKUP($A13,批次辅助!$A$4:$DC$41,MATCH($A$5&D$4,批次辅助!$A$1:$DC$1,0),0),0) -> 0.037199426 | E13: ②12/19批次受2E行膜位聚集~0.3%，Array不可见，Oled 21320可见 | G13: 0.003 | H13: =C13-F13+G13 -> 0.034185584 | M13: =H13-K13+L13 -> 0.034185584 | R13: =M13-P13+Q13 -> 0.034185584 | W13: =R13-U13+V13 -> 0.034185584 | AB13: =W13-Z13+AA13 -> 0.034185584 | AG13: =AB13-AE13+AF13 -> 0.034185584 | AL13: =AG13-AJ13+AK13 -> 0.034185584 | AQ13: =AL13-AO13+AP13 -> 0.034185584 | AV13: =AQ13-AT13+AU13 -> 0.034185584 | BA13: =AV13-AY13+AZ13 -> 0.034185584 | BF13: =BA13-BD13+BE13 -> 0.034185584 | BK13: =BF13-BI13+BJ13 -> 0.034185584 | BP13: =BK13-BN13+BO13 -> 0.034185584
A14: Array_Line | B14: =_xlfn.IFNA(VLOOKUP($A14,批次辅助!$A$4:$DC$41,MATCH($A$5&B$4,批次辅助!$A$1:$DC$1,0),0),0) -> 0.027031191 | C14: =_xlfn.IFNA(VLOOKUP($A14,批次辅助!$A$4:$DC$41,MATCH($A$5&C$4,批次辅助!$A$1:$DC$1,0),0),0) -> 0.034098012 | D14: =_xlfn.IFNA(VLOOKUP($A14,批次辅助!$A$4:$DC$41,MATCH($A$5&D$4,批次辅助!$A$1:$DC$1,0),0),0) -> 0.028182219 | E14: ①17900 DE15去化，目前可Run 19900/1D900/1W900，17900暂禁Run@10/26，Wip较多时，17900开启单LLU过货 | F14: 0.003 | H14: =C14-F14+G14 -> 0.031098012 | M14: =H14-K14+L14 -> 0.031098012 | R14: =M14-P14+Q14 -> 0.031098012 | W14: =R14-U14+V14 -> 0.031098012 | AB14: =W14-Z14+AA14 -> 0.031098012 | AG14: =AB14-AE14+AF14 -> 0.031098012 | AL14: =AG14-AJ14+AK14 -> 0.031098012 | AQ14: =AL14-AO14+AP14 -> 0.031098012 | AV14: =AQ14-AT14+AU14 -> 0.031098012 | BA14: =AV14-AY14+AZ14 -> 0.031098012 | BF14: =BA14-BD14+BE14 -> 0.031098012 | BK14: =BF14-BI14+BJ14 -> 0.031098012 | BP14: =BK14-BN14+BO14 -> 0.031098012
A15: Array_Mura | B15: =_xlfn.IFNA(VLOOKUP($A15,批次辅助!$A$4:$DC$41,MATCH($A$5&B$4,批次辅助!$A$1:$DC$1,0),0),0) -> 0.03040216 | C15: =_xlfn.IFNA(VLOOKUP($A15,批次辅助!$A$4:$DC$41,MATCH($A$5&C$4,批次辅助!$A$1:$DC$1,0),0),0) -> 0.025640003 | D15: =_xlfn.IFNA(VLOOKUP($A15,批次辅助!$A$4:$DC$41,MATCH($A$5&D$4,批次辅助!$A$1:$DC$1,0),0),0) -> 0.012657181 | E15: 常亮白斑0.25%，Y已更换O-ring 12/5, 常暗黑斑0.75%，S向带状Mura 0.11%：E列，1F400 2#禁Run 12/30，做转项验证中，预计3/18出结果 | F15: 0.013 | H15: =C15-F15+G15 -> 0.012640003 | M15: =H15-K15+L15 -> 0.012640003 | R15: =M15-P15+Q15 -> 0.012640003 | W15: =R15-U15+V15 -> 0.012640003 | AB15: =W15-Z15+AA15 -> 0.012640003 | AG15: =AB15-AE15+AF15 -> 0.012640003 | AL15: =AG15-AJ15+AK15 -> 0.012640003 | AQ15: =AL15-AO15+AP15 -> 0.012640003 | AV15: =AQ15-AT15+AU15 -> 0.012640003 | BA15: =AV15-AY15+AZ15 -> 0.012640003 | BF15: =BA15-BD15+BE15 -> 0.012640003 | BK15: =BF15-BI15+BJ15 -> 0.012640003 | BP15: =BK15-BN15+BO15 -> 0.012640003
A16: Array_Pixel | B16: =_xlfn.IFNA(VLOOKUP($A16,批次辅助!$A$4:$DC$41,MATCH($A$5&B$4,批次辅助!$A$1:$DC$1,0),0),0) -> 0.026324374 | C16: =_xlfn.IFNA(VLOOKUP($A16,批次辅助!$A$4:$DC$41,MATCH($A$5&C$4,批次辅助!$A$1:$DC$1,0),0),0) -> 0.038991954 | D16: =_xlfn.IFNA(VLOOKUP($A16,批次辅助!$A$4:$DC$41,MATCH($A$5&D$4,批次辅助!$A$1:$DC$1,0),0),0) -> 0.020929848 | E16: 大面积亮点：返工Reaging | F16: 0.007 | H16: =C16-F16+G16 -> 0.031991954 | M16: =H16-K16+L16 -> 0.031991954 | R16: =M16-P16+Q16 -> 0.031991954 | W16: =R16-U16+V16 -> 0.031991954 | AB16: =W16-Z16+AA16 -> 0.031991954 | AG16: =AB16-AE16+AF16 -> 0.031991954 | AL16: =AG16-AJ16+AK16 -> 0.031991954 | AQ16: =AL16-AO16+AP16 -> 0.031991954 | AV16: =AQ16-AT16+AU16 -> 0.031991954 | BA16: =AV16-AY16+AZ16 -> 0.031991954 | BF16: =BA16-BD16+BE16 -> 0.031991954 | BK16: =BF16-BI16+BJ16 -> 0.031991954 | BP16: =BK16-BN16+BO16 -> 0.031991954
A17: ARRAY_RS查杀 | B17: =_xlfn.IFNA(VLOOKUP($A17,批次辅助!$A$4:$DC$41,MATCH($A$5&B$4,批次辅助!$A$1:$DC$1,0),0),0) -> 0.0088352031 | C17: =_xlfn.IFNA(VLOOKUP($A17,批次辅助!$A$4:$DC$41,MATCH($A$5&C$4,批次辅助!$A$1:$DC$1,0),0),0) -> 0.0067823658 | D17: =_xlfn.IFNA(VLOOKUP($A17,批次辅助!$A$4:$DC$41,MATCH($A$5&D$4,批次辅助!$A$1:$DC$1,0),0),0) -> 0.0079141849 | H17: =C17-F17+G17 -> 0.0067823658 | M17: =H17-K17+L17 -> 0.0067823658 | R17: =M17-P17+Q17 -> 0.0067823658 | W17: =R17-U17+V17 -> 0.0067823658 | AB17: =W17-Z17+AA17 -> 0.0067823658 | AG17: =AB17-AE17+AF17 -> 0.0067823658 | AL17: =AG17-AJ17+AK17 -> 0.0067823658 | AQ17: =AL17-AO17+AP17 -> 0.0067823658 | AV17: =AQ17-AT17+AU17 -> 0.0067823658 | BA17: =AV17-AY17+AZ17 -> 0.0067823658 | BF17: =BA17-BD17+BE17 -> 0.0067823658 | BK17: =BF17-BI17+BJ17 -> 0.0067823658 | BP17: =BK17-BN17+BO17 -> 0.0067823658
A18: ARRAY其他 | B18: =_xlfn.IFNA(VLOOKUP($A18,批次辅助!$A$4:$DC$41,MATCH($A$5&B$4,批次辅助!$A$1:$DC$1,0),0),0) -> 0.00050745782 | C18: =_xlfn.IFNA(VLOOKUP($A18,批次辅助!$A$4:$DC$41,MATCH($A$5&C$4,批次辅助!$A$1:$DC$1,0),0),0) -> 0.0078063701 | D18: =_xlfn.IFNA(VLOOKUP($A18,批次辅助!$A$4:$DC$41,MATCH($A$5&D$4,批次辅助!$A$1:$DC$1,0),0),0) -> 8.2726671e-05 | E18: Array其他改善 | F18: 0.007 | H18: =C18-F18+G18 -> 0.0008063701 | M18: =H18-K18+L18 -> 0.0008063701 | R18: =M18-P18+Q18 -> 0.0008063701 | W18: =R18-U18+V18 -> 0.0008063701 | AB18: =W18-Z18+AA18 -> 0.0008063701 | AG18: =AB18-AE18+AF18 -> 0.0008063701 | AL18: =AG18-AJ18+AK18 -> 0.0008063701 | AQ18: =AL18-AO18+AP18 -> 0.0008063701 | AV18: =AQ18-AT18+AU18 -> 0.0008063701 | BA18: =AV18-AY18+AZ18 -> 0.0008063701 | BF18: =BA18-BD18+BE18 -> 0.0008063701 | BK18: =BF18-BI18+BJ18 -> 0.0008063701 | BP18: =BK18-BN18+BO18 -> 0.0008063701
A19: 风险品（Array） | B19: =_xlfn.IFNA(VLOOKUP($A19,批次辅助!$A$4:$DC$41,MATCH($A$5&B$4,批次辅助!$A$1:$DC$1,0),0),0) -> 0 | C19: =_xlfn.IFNA(VLOOKUP($A19,批次辅助!$A$4:$DC$41,MATCH($A$5&C$4,批次辅助!$A$1:$DC$1,0),0),0) -> 0 | D19: =_xlfn.IFNA(VLOOKUP($A19,批次辅助!$A$4:$DC$41,MATCH($A$5&D$4,批次辅助!$A$1:$DC$1,0),0),0) -> 0 | E19: Nozzle堵塞导BPDL偏薄 299sheet，单管，1/25已改善 | H19: =C19-F19+G19 -> 0 | M19: =H19-K19+L19 -> 0 | R19: =M19-P19+Q19 -> 0 | W19: =R19-U19+V19 -> 0 | AB19: =W19-Z19+AA19 -> 0 | AG19: =AB19-AE19+AF19 -> 0 | AL19: =AG19-AJ19+AK19 -> 0 | AQ19: =AL19-AO19+AP19 -> 0 | AV19: =AQ19-AT19+AU19 -> 0 | BA19: =AV19-AY19+AZ19 -> 0 | BF19: =BA19-BD19+BE19 -> 0 | BK19: =BF19-BI19+BJ19 -> 0 | BP19: =BK19-BN19+BO19 -> 0
A20: OLED | H20: =H21*99.9% -> 0.90875521 | M20: =M21*99.9% -> 0.95680711 | R20: =R21*99.9% -> 0.95680711 | W20: =W21*99.9% -> 0.95680711 | AB20: =AB21*99.9% -> 0.95181211 | AG20: =AG21*99.9% -> 0.95181211 | AL20: =AL21*99.9% -> 0.95181211 | AQ20: =AQ21*99.9% -> 0.95181211 | AV20: =AV21*99.9% -> 0.95680711 | BA20: =BA21*99.9% -> 0.95680711 | BF20: =BF21*99.9% -> 0.95680711 | BK20: =BK21*99.9% -> 0.95680711 | BP20: =BP21*99.9% -> 0.95680711
A21: OLED还原入库良率 | B21: =_xlfn.IFNA(VLOOKUP($A21,批次辅助!$A$4:$DC$41,MATCH($A$5&B$4,批次辅助!$A$1:$DC$1,0),0),0) -> 0.9606539 | C21: =_xlfn.IFNA(VLOOKUP($A21,批次辅助!$A$4:$DC$41,MATCH($A$5&C$4,批次辅助!$A$1:$DC$1,0),0),0) -> 0.92370503 | D21: =_xlfn.IFNA(VLOOKUP($A21,批次辅助!$A$4:$DC$41,MATCH($A$5&D$4,批次辅助!$A$1:$DC$1,0),0),0) -> 0.91208912 | H21: =1-SUM(H22:H26) -> 0.90966487 | M21: =1-SUM(M22:M26) -> 0.95776487 | R21: =1-SUM(R22:R26) -> 0.95776487 | W21: =1-SUM(W22:W26) -> 0.95776487 | AB21: =1-SUM(AB22:AB26) -> 0.95276487 | AG21: =1-SUM(AG22:AG26) -> 0.95276487 | AL21: =1-SUM(AL22:AL26) -> 0.95276487 | AQ21: =1-SUM(AQ22:AQ26) -> 0.95276487 | AV21: =1-SUM(AV22:AV26) -> 0.95776487 | BA21: =1-SUM(BA22:BA26) -> 0.95776487 | BF21: =1-SUM(BF22:BF26) -> 0.95776487 | BK21: =1-SUM(BK22:BK26) -> 0.95776487 | BP21: =1-SUM(BP22:BP26) -> 0.95776487
A22: OLED_Mura | B22: =_xlfn.IFNA(VLOOKUP($A22,批次辅助!$A$4:$DC$41,MATCH($A$5&B$4,批次辅助!$A$1:$DC$1,0),0),0) -> 0.0022020045 | C22: =_xlfn.IFNA(VLOOKUP($A22,批次辅助!$A$4:$DC$41,MATCH($A$5&C$4,批次辅助!$A$1:$DC$1,0),0),0) -> 0.0018352284 | D22: =_xlfn.IFNA(VLOOKUP($A22,批次辅助!$A$4:$DC$41,MATCH($A$5&D$4,批次辅助!$A$1:$DC$1,0),0),0) -> 0.0017372601 | E22: 过程中Particle影响 | H22: =C22-F22+G22 -> 0.0018352284 | M22: =H22-K22+L22 -> 0.0018352284 | R22: =M22-P22+Q22 -> 0.0018352284 | W22: =R22-U22+V22 -> 0.0018352284 | Y22: C471 扩线2套Mask 新张网影响 | AA22: 0.005 | AB22: =W22-Z22+AA22 -> 0.0068352284 | AG22: =AB22-AE22+AF22 -> 0.0068352284 | AI22: / | AL22: =AG22-AJ22+AK22 -> 0.0068352284 | AQ22: =AL22-AO22+AP22 -> 0.0068352284 | AS22: C471 扩线2套Mask 新张网改善 | AT22: 0.005 | AV22: =AQ22-AT22+AU22 -> 0.0018352284 | AX22: / | BA22: =AV22-AY22+AZ22 -> 0.0018352284 | BC22: / | BF22: =BA22-BD22+BE22 -> 0.0018352284 | BH22: / | BK22: =BF22-BI22+BJ22 -> 0.0018352284 | BM22: / | BP22: =BK22-BN22+BO22 -> 0.0018352284
A23: OLED_RS查杀 | B23: =_xlfn.IFNA(VLOOKUP($A23,批次辅助!$A$4:$DC$41,MATCH($A$5&B$4,批次辅助!$A$1:$DC$1,0),0),0) -> 0.0034253403 | C23: =_xlfn.IFNA(VLOOKUP($A23,批次辅助!$A$4:$DC$41,MATCH($A$5&C$4,批次辅助!$A$1:$DC$1,0),0),0) -> 0.0050668263 | D23: =_xlfn.IFNA(VLOOKUP($A23,批次辅助!$A$4:$DC$41,MATCH($A$5&D$4,批次辅助!$A$1:$DC$1,0),0),0) -> 0.0035848224 | E23: / | H23: =C23-F23+G23 -> 0.0050668263 | M23: =H23-K23+L23 -> 0.0050668263 | R23: =M23-P23+Q23 -> 0.0050668263 | W23: =R23-U23+V23 -> 0.0050668263 | Y23: / | AB23: =W23-Z23+AA23 -> 0.0050668263 | AD23: / | AG23: =AB23-AE23+AF23 -> 0.0050668263 | AI23: / | AL23: =AG23-AJ23+AK23 -> 0.0050668263 | AN23: / | AQ23: =AL23-AO23+AP23 -> 0.0050668263 | AS23: / | AV23: =AQ23-AT23+AU23 -> 0.0050668263 | AX23: / | BA23: =AV23-AY23+AZ23 -> 0.0050668263 | BC23: / | BF23: =BA23-BD23+BE23 -> 0.0050668263 | BH23: / | BK23: =BF23-BI23+BJ23 -> 0.0050668263 | BM23: / | BP23: =BK23-BN23+BO23 -> 0.0050668263
A24: OLED_色偏 | B24: =_xlfn.IFNA(VLOOKUP($A24,批次辅助!$A$4:$DC$41,MATCH($A$5&B$4,批次辅助!$A$1:$DC$1,0),0),0) -> 0.028961343 | C24: =_xlfn.IFNA(VLOOKUP($A24,批次辅助!$A$4:$DC$41,MATCH($A$5&C$4,批次辅助!$A$1:$DC$1,0),0),0) -> 0.024908571 | D24: =_xlfn.IFNA(VLOOKUP($A24,批次辅助!$A$4:$DC$41,MATCH($A$5&D$4,批次辅助!$A$1:$DC$1,0),0),0) -> 0.074288551 | E24: JNCDN持续恶化5% | G24: 0.05 | H24: =C24-F24+G24 -> 0.074908571 | J24: 色轨迹调整，预计改善到3% | K24: 0.045 | M24: =H24-K24+L24 -> 0.029908571 | R24: =M24-P24+Q24 -> 0.029908571 | W24: =R24-U24+V24 -> 0.029908571 | AB24: =W24-Z24+AA24 -> 0.029908571 | AD24: / | AG24: =AB24-AE24+AF24 -> 0.029908571 | AI24: / | AL24: =AG24-AJ24+AK24 -> 0.029908571 | AN24: / | AQ24: =AL24-AO24+AP24 -> 0.029908571 | AS24: / | AV24: =AQ24-AT24+AU24 -> 0.029908571 | AX24: / | BA24: =AV24-AY24+AZ24 -> 0.029908571 | BC24: / | BF24: =BA24-BD24+BE24 -> 0.029908571 | BH24: / | BK24: =BF24-BI24+BJ24 -> 0.029908571 | BM24: / | BP24: =BK24-BN24+BO24 -> 0.029908571
A25: OLED其他 | B25: =_xlfn.IFNA(VLOOKUP($A25,批次辅助!$A$4:$DC$41,MATCH($A$5&B$4,批次辅助!$A$1:$DC$1,0),0),0) -> 0.004757417 | C25: =_xlfn.IFNA(VLOOKUP($A25,批次辅助!$A$4:$DC$41,MATCH($A$5&C$4,批次辅助!$A$1:$DC$1,0),0),0) -> 0.008524503 | D25: =_xlfn.IFNA(VLOOKUP($A25,批次辅助!$A$4:$DC$41,MATCH($A$5&D$4,批次辅助!$A$1:$DC$1,0),0),0) -> 0.0083002427 | E25: OLED翘曲0.06%→0.29%：①当前Lami优先LLO2#作业；LLO1#临时禁用；②下批次LLO能量 DOE验证优化； 屏体破裂0.17%→0.24%： LLO #1，DLA #2禁run ②优化设备参数 @3/1 | H25: =C25-F25+G25 -> 0.008524503 | J25: OLED翘曲和屏体破裂 | K25: 0.0031 | M25: =H25-K25+L25 -> 0.005424503 | R25: =M25-P25+Q25 -> 0.005424503 | W25: =R25-U25+V25 -> 0.005424503 | AB25: =W25-Z25+AA25 -> 0.005424503 | AG25: =AB25-AE25+AF25 -> 0.005424503 | AL25: =AG25-AJ25+AK25 -> 0.005424503 | AQ25: =AL25-AO25+AP25 -> 0.005424503 | AV25: =AQ25-AT25+AU25 -> 0.005424503 | BA25: =AV25-AY25+AZ25 -> 0.005424503 | BF25: =BA25-BD25+BE25 -> 0.005424503 | BK25: =BF25-BI25+BJ25 -> 0.005424503 | BP25: =BK25-BN25+BO25 -> 0.005424503
A26: OLED_开发责 | B26: =_xlfn.IFNA(VLOOKUP($A26,批次辅助!$A$4:$DC$41,MATCH($A$5&B$4,批次辅助!$A$1:$DC$1,0),0),0) -> 0 | C26: =_xlfn.IFNA(VLOOKUP($A26,批次辅助!$A$4:$DC$41,MATCH($A$5&C$4,批次辅助!$A$1:$DC$1,0),0),0) -> 0 | D26: =_xlfn.IFNA(VLOOKUP($A26,批次辅助!$A$4:$DC$41,MATCH($A$5&D$4,批次辅助!$A$1:$DC$1,0),0),0) -> 0 | H26: =C26-F26+G26 -> 0 | M26: =H26-K26+L26 -> 0 | R26: =M26-P26+Q26 -> 0 | W26: =R26-U26+V26 -> 0 | AB26: =W26-Z26+AA26 -> 0 | AG26: =AB26-AE26+AF26 -> 0 | AL26: =AG26-AJ26+AK26 -> 0 | AQ26: =AL26-AO26+AP26 -> 0 | AV26: =AQ26-AT26+AU26 -> 0 | BA26: =AV26-AY26+AZ26 -> 0 | BF26: =BA26-BD26+BE26 -> 0 | BK26: =BF26-BI26+BJ26 -> 0 | BP26: =BK26-BN26+BO26 -> 0
A27: 风险品（OLED) | B27: =_xlfn.IFNA(VLOOKUP($A27,批次辅助!$A$4:$DC$41,MATCH($A$5&B$4,批次辅助!$A$1:$DC$1,0),0),0) -> 0 | C27: =_xlfn.IFNA(VLOOKUP($A27,批次辅助!$A$4:$DC$41,MATCH($A$5&C$4,批次辅助!$A$1:$DC$1,0),0),0) -> 0.061 | D27: =_xlfn.IFNA(VLOOKUP($A27,批次辅助!$A$4:$DC$41,MATCH($A$5&D$4,批次辅助!$A$1:$DC$1,0),0),0) -> 0 | E27: DeltaU 拦截取消 | F27: =C27 -> 0.061 | H27: =C27-F27+G27 -> 0 | M27: =H27-K27+L27 -> 0 | R27: =M27-P27+Q27 -> 0 | T27: SIH4二元化验证10Sheet | V27: =10*2/T6 -> 0.0119976 | W27: =R27-U27+V27 -> 0.0119976 | Z27: =V27 -> 0.0119976 | AB27: =W27-Z27+AA27 -> 0 | AG27: =AB27-AE27+AF27 -> 0 | AL27: =AG27-AJ27+AK27 -> 0 | AQ27: =AL27-AO27+AP27 -> 0 | AV27: =AQ27-AT27+AU27 -> 0 | BA27: =AV27-AY27+AZ27 -> 0 | BF27: =BA27-BD27+BE27 -> 0 | BK27: =BF27-BI27+BJ27 -> 0 | BP27: =BK27-BN27+BO27 -> 0
A28: 风险品（ 未分责）
A29: TP屏体 | H29: =H30*99.96% -> 0.99321224 | M29: =M30*99.96% -> 0.9953114 | R29: =R30*99.96% -> 0.9953114 | W29: =W30*99.96% -> 0.9953114 | AB29: =AB30*99.96% -> 0.9953114 | AG29: =AG30*99.96% -> 0.9953114 | AL29: =AL30*99.96% -> 0.9953114 | AQ29: =AQ30*99.96% -> 0.9953114 | AV29: =AV30*99.96% -> 0.9953114 | BA29: =BA30*99.96% -> 0.9953114 | BF29: =BF30*99.96% -> 0.9953114 | BK29: =BK30*99.96% -> 0.9953114 | BP29: =BP30*99.96% -> 0.9953114
A30: TP还原入库良率 | B30: =_xlfn.IFNA(VLOOKUP($A30,批次辅助!$A$4:$DC$41,MATCH($A$5&B$4,批次辅助!$A$1:$DC$1,0),0),0) -> 0.99434547 | C30: =_xlfn.IFNA(VLOOKUP($A30,批次辅助!$A$4:$DC$41,MATCH($A$5&C$4,批次辅助!$A$1:$DC$1,0),0),0) -> 0.99370969 | D30: =_xlfn.IFNA(VLOOKUP($A30,批次辅助!$A$4:$DC$41,MATCH($A$5&D$4,批次辅助!$A$1:$DC$1,0),0),0) -> 0.99338187 | H30: =1-SUM(H31:H35) -> 0.99360969 | M30: =1-SUM(M31:M35) -> 0.99570969 | R30: =1-SUM(R31:R35) -> 0.99570969 | W30: =1-SUM(W31:W35) -> 0.99570969 | AB30: =1-SUM(AB31:AB35) -> 0.99570969 | AG30: =1-SUM(AG31:AG35) -> 0.99570969 | AL30: =1-SUM(AL31:AL35) -> 0.99570969 | AQ30: =1-SUM(AQ31:AQ35) -> 0.99570969 | AV30: =1-SUM(AV31:AV35) -> 0.99570969 | BA30: =1-SUM(BA31:BA35) -> 0.99570969 | BF30: =1-SUM(BF31:BF35) -> 0.99570969 | BK30: =1-SUM(BK31:BK35) -> 0.99570969 | BP30: =1-SUM(BP31:BP35) -> 0.99570969
A31: TP_NG | B31: =_xlfn.IFNA(VLOOKUP($A31,批次辅助!$A$4:$DC$41,MATCH($A$5&B$4,批次辅助!$A$1:$DC$1,0),0),0) -> 0 | C31: =_xlfn.IFNA(VLOOKUP($A31,批次辅助!$A$4:$DC$41,MATCH($A$5&C$4,批次辅助!$A$1:$DC$1,0),0),0) -> 0 | D31: =_xlfn.IFNA(VLOOKUP($A31,批次辅助!$A$4:$DC$41,MATCH($A$5&D$4,批次辅助!$A$1:$DC$1,0),0),0) -> 0 | H31: =C31-F31+G31 -> 0 | M31: =H31-K31+L31 -> 0 | R31: =M31-P31+Q31 -> 0 | T31: / | W31: =R31-U31+V31 -> 0 | Y31: / | AB31: =W31-Z31+AA31 -> 0 | AD31: / | AG31: =AB31-AE31+AF31 -> 0 | AI31: / | AL31: =AG31-AJ31+AK31 -> 0 | AN31: / | AQ31: =AL31-AO31+AP31 -> 0 | AS31: / | AV31: =AQ31-AT31+AU31 -> 0 | AX31: / | BA31: =AV31-AY31+AZ31 -> 0 | BC31: / | BF31: =BA31-BD31+BE31 -> 0 | BH31: / | BK31: =BF31-BI31+BJ31 -> 0 | BM31: / | BP31: =BK31-BN31+BO31 -> 0
A32: TP_Short NG | B32: =_xlfn.IFNA(VLOOKUP($A32,批次辅助!$A$4:$DC$41,MATCH($A$5&B$4,批次辅助!$A$1:$DC$1,0),0),0) -> 0.0024738569 | C32: =_xlfn.IFNA(VLOOKUP($A32,批次辅助!$A$4:$DC$41,MATCH($A$5&C$4,批次辅助!$A$1:$DC$1,0),0),0) -> 0.0045215772 | D32: =_xlfn.IFNA(VLOOKUP($A32,批次辅助!$A$4:$DC$41,MATCH($A$5&D$4,批次辅助!$A$1:$DC$1,0),0),0) -> 0.0027299801 | E32: SHortNG改善 | F32: 0.002 | H32: =C32-F32+G32 -> 0.0025215772 | M32: =H32-K32+L32 -> 0.0025215772 | R32: =M32-P32+Q32 -> 0.0025215772 | W32: =R32-U32+V32 -> 0.0025215772 | AB32: =W32-Z32+AA32 -> 0.0025215772 | AG32: =AB32-AE32+AF32 -> 0.0025215772 | AL32: =AG32-AJ32+AK32 -> 0.0025215772 | AQ32: =AL32-AO32+AP32 -> 0.0025215772 | AV32: =AQ32-AT32+AU32 -> 0.0025215772 | BA32: =AV32-AY32+AZ32 -> 0.0025215772 | BF32: =BA32-BD32+BE32 -> 0.0025215772 | BK32: =BF32-BI32+BJ32 -> 0.0025215772 | BP32: =BK32-BN32+BO32 -> 0.0025215772
A33: TP 容值NG | B33: =_xlfn.IFNA(VLOOKUP($A33,批次辅助!$A$4:$DC$41,MATCH($A$5&B$4,批次辅助!$A$1:$DC$1,0),0),0) -> 9.0617467e-05 | C33: =_xlfn.IFNA(VLOOKUP($A33,批次辅助!$A$4:$DC$41,MATCH($A$5&C$4,批次辅助!$A$1:$DC$1,0),0),0) -> 0 | D33: =_xlfn.IFNA(VLOOKUP($A33,批次辅助!$A$4:$DC$41,MATCH($A$5&D$4,批次辅助!$A$1:$DC$1,0),0),0) -> 0.0001930289 | H33: =C33-F33+G33 -> 0 | M33: =H33-K33+L33 -> 0 | R33: =M33-P33+Q33 -> 0 | W33: =R33-U33+V33 -> 0 | AB33: =W33-Z33+AA33 -> 0 | AG33: =AB33-AE33+AF33 -> 0 | AL33: =AG33-AJ33+AK33 -> 0 | AQ33: =AL33-AO33+AP33 -> 0 | AV33: =AQ33-AT33+AU33 -> 0 | BA33: =AV33-AY33+AZ33 -> 0 | BF33: =BA33-BD33+BE33 -> 0 | BK33: =BF33-BI33+BJ33 -> 0 | BP33: =BK33-BN33+BO33 -> 0
A34: TP_RS查杀 | B34: =_xlfn.IFNA(VLOOKUP($A34,批次辅助!$A$4:$DC$41,MATCH($A$5&B$4,批次辅助!$A$1:$DC$1,0),0),0) -> 0.002038893 | C34: =_xlfn.IFNA(VLOOKUP($A34,批次辅助!$A$4:$DC$41,MATCH($A$5&C$4,批次辅助!$A$1:$DC$1,0),0),0) -> 0.0017421371 | D34: =_xlfn.IFNA(VLOOKUP($A34,批次辅助!$A$4:$DC$41,MATCH($A$5&D$4,批次辅助!$A$1:$DC$1,0),0),0) -> 0.0033090668 | E34: PHT后膜层PEELING | G34: 0.0021 | H34: =C34-F34+G34 -> 0.0038421371 | J34: PHT后膜层PEELING改善 | K34: 0.0021 | M34: =H34-K34+L34 -> 0.0017421371 | R34: =M34-P34+Q34 -> 0.0017421371 | T34: / | W34: =R34-U34+V34 -> 0.0017421371 | Y34: / | AB34: =W34-Z34+AA34 -> 0.0017421371 | AD34: / | AG34: =AB34-AE34+AF34 -> 0.0017421371 | AI34: / | AL34: =AG34-AJ34+AK34 -> 0.0017421371 | AN34: / | AQ34: =AL34-AO34+AP34 -> 0.0017421371 | AS34: / | AV34: =AQ34-AT34+AU34 -> 0.0017421371 | AX34: / | BA34: =AV34-AY34+AZ34 -> 0.0017421371 | BC34: / | BF34: =BA34-BD34+BE34 -> 0.0017421371 | BH34: / | BK34: =BF34-BI34+BJ34 -> 0.0017421371 | BM34: / | BP34: =BK34-BN34+BO34 -> 0.0017421371
A35: TP其他 | B35: =_xlfn.IFNA(VLOOKUP($A35,批次辅助!$A$4:$DC$41,MATCH($A$5&B$4,批次辅助!$A$1:$DC$1,0),0),0) -> 0.0010511626 | C35: =_xlfn.IFNA(VLOOKUP($A35,批次辅助!$A$4:$DC$41,MATCH($A$5&C$4,批次辅助!$A$1:$DC$1,0),0),0) -> 2.6597513e-05 | D35: =_xlfn.IFNA(VLOOKUP($A35,批次辅助!$A$4:$DC$41,MATCH($A$5&D$4,批次辅助!$A$1:$DC$1,0),0),0) -> 0.0003860578 | H35: =C35-F35+G35 -> 2.6597513e-05 | M35: =H35-K35+L35 -> 2.6597513e-05 | R35: =M35-P35+Q35 -> 2.6597513e-05 | T35: / | W35: =R35-U35+V35 -> 2.6597513e-05 | Y35: / | AB35: =W35-Z35+AA35 -> 2.6597513e-05 | AD35: / | AG35: =AB35-AE35+AF35 -> 2.6597513e-05 | AI35: / | AL35: =AG35-AJ35+AK35 -> 2.6597513e-05 | AN35: / | AQ35: =AL35-AO35+AP35 -> 2.6597513e-05 | AS35: / | AV35: =AQ35-AT35+AU35 -> 2.6597513e-05 | AX35: / | BA35: =AV35-AY35+AZ35 -> 2.6597513e-05 | BC35: / | BF35: =BA35-BD35+BE35 -> 2.6597513e-05 | BH35: / | BK35: =BF35-BI35+BJ35 -> 2.6597513e-05 | BM35: / | BP35: =BK35-BN35+BO35 -> 2.6597513e-05
A36: 风险品（TP) | B36: =_xlfn.IFNA(VLOOKUP($A36,批次辅助!$A$4:$DC$41,MATCH($A$5&B$4,批次辅助!$A$1:$DC$1,0),0),0) -> 0 | C36: =_xlfn.IFNA(VLOOKUP($A36,批次辅助!$A$4:$DC$41,MATCH($A$5&C$4,批次辅助!$A$1:$DC$1,0),0),0) -> 0 | D36: =_xlfn.IFNA(VLOOKUP($A36,批次辅助!$A$4:$DC$41,MATCH($A$5&D$4,批次辅助!$A$1:$DC$1,0),0),0) -> 0 | H36: =C36-F36+G36 -> 0 | M36: =H36-K36+L36 -> 0 | O36: SIH4二元化验证10Sheet | Q36: =10*2/O6 -> 0.031948882 | R36: =M36-P36+Q36 -> 0.031948882 | U36: =Q36 -> 0.031948882 | W36: =R36-U36+V36 -> 0 | AB36: =W36-Z36+AA36 -> 0 | AG36: =AB36-AE36+AF36 -> 0 | AL36: =AG36-AJ36+AK36 -> 0 | AQ36: =AL36-AO36+AP36 -> 0 | AV36: =AQ36-AT36+AU36 -> 0 | BA36: =AV36-AY36+AZ36 -> 0 | BF36: =BA36-BD36+BE36 -> 0 | BK36: =BF36-BI36+BJ36 -> 0 | BP36: =BK36-BN36+BO36 -> 0
A37: 风险品（ 未分责）
A38: 屏体良率 | H38: =H39 -> 0.99700778 | M38: =M39 -> 0.99700778 | R38: =R39 -> 0.99700778 | W38: =W39 -> 0.99700778 | AB38: =AB39 -> 0.99700778 | AG38: =AG39 -> 0.99700778 | AL38: =AL39 -> 0.99700778 | AQ38: =AQ39 -> 0.99700778 | AV38: =AV39 -> 0.99700778 | BA38: =BA39 -> 0.99700778 | BF38: =BF39 -> 0.99700778 | BK38: =BK39 -> 0.99700778 | BP38: =BP39 -> 0.99700778
A39: 屏体还原入库良率 | B39: =_xlfn.IFNA(VLOOKUP($A39,批次辅助!$A$4:$DC$41,MATCH($A$5&B$4,批次辅助!$A$1:$DC$1,0),0),0) -> 0.99874948 | C39: =_xlfn.IFNA(VLOOKUP($A39,批次辅助!$A$4:$DC$41,MATCH($A$5&C$4,批次辅助!$A$1:$DC$1,0),0),0) -> 0.99702108 | D39: =_xlfn.IFNA(VLOOKUP($A39,批次辅助!$A$4:$DC$41,MATCH($A$5&D$4,批次辅助!$A$1:$DC$1,0),0),0) -> 0.99845577 | H39: =1-SUM(H40:H43) -> 0.99700778 | M39: =1-SUM(M40:M43) -> 0.99700778 | R39: =1-SUM(R40:R43) -> 0.99700778 | W39: =1-SUM(W40:W43) -> 0.99700778 | AB39: =1-SUM(AB40:AB43) -> 0.99700778 | AG39: =1-SUM(AG40:AG43) -> 0.99700778 | AL39: =1-SUM(AL40:AL43) -> 0.99700778 | AQ39: =1-SUM(AQ40:AQ43) -> 0.99700778 | AV39: =1-SUM(AV40:AV43) -> 0.99700778 | BA39: =1-SUM(BA40:BA43) -> 0.99700778 | BF39: =1-SUM(BF40:BF43) -> 0.99700778 | BK39: =1-SUM(BK40:BK43) -> 0.99700778 | BP39: =1-SUM(BP40:BP43) -> 0.99700778
A40: 检测技术部 | B40: =_xlfn.IFNA(VLOOKUP($A40,批次辅助!$A$4:$DC$41,MATCH($A$5&B$4,批次辅助!$A$1:$DC$1,0),0),0) -> 0.00014498795 | C40: =_xlfn.IFNA(VLOOKUP($A40,批次辅助!$A$4:$DC$41,MATCH($A$5&C$4,批次辅助!$A$1:$DC$1,0),0),0) -> 0.00041226145 | D40: =_xlfn.IFNA(VLOOKUP($A40,批次辅助!$A$4:$DC$41,MATCH($A$5&D$4,批次辅助!$A$1:$DC$1,0),0),0) -> 8.2726671e-05 | H40: =C40-F40+G40 -> 0.00041226145 | M40: =H40-K40+L40 -> 0.00041226145 | O40: / | R40: =M40-P40+Q40 -> 0.00041226145 | T40: / | W40: =R40-U40+V40 -> 0.00041226145 | Y40: / | AB40: =W40-Z40+AA40 -> 0.00041226145 | AD40: / | AG40: =AB40-AE40+AF40 -> 0.00041226145 | AI40: / | AL40: =AG40-AJ40+AK40 -> 0.00041226145 | AN40: / | AQ40: =AL40-AO40+AP40 -> 0.00041226145 | AS40: / | AV40: =AQ40-AT40+AU40 -> 0.00041226145 | AX40: / | BA40: =AV40-AY40+AZ40 -> 0.00041226145 | BC40: / | BF40: =BA40-BD40+BE40 -> 0.00041226145 | BH40: / | BK40: =BF40-BI40+BJ40 -> 0.00041226145 | BM40: / | BP40: =BK40-BN40+BO40 -> 0.00041226145
A41: 屏体技术部 | B41: =_xlfn.IFNA(VLOOKUP($A41,批次辅助!$A$4:$DC$41,MATCH($A$5&B$4,批次辅助!$A$1:$DC$1,0),0),0) -> 0 | C41: =_xlfn.IFNA(VLOOKUP($A41,批次辅助!$A$4:$DC$41,MATCH($A$5&C$4,批次辅助!$A$1:$DC$1,0),0),0) -> 3.989627e-05 | D41: =_xlfn.IFNA(VLOOKUP($A41,批次辅助!$A$4:$DC$41,MATCH($A$5&D$4,批次辅助!$A$1:$DC$1,0),0),0) -> 2.7575557e-05 | H41: =C41-F41+G41 -> 3.989627e-05 | M41: =H41-K41+L41 -> 3.989627e-05 | O41: / | R41: =M41-P41+Q41 -> 3.989627e-05 | T41: / | W41: =R41-U41+V41 -> 3.989627e-05 | Y41: / | AB41: =W41-Z41+AA41 -> 3.989627e-05 | AD41: / | AG41: =AB41-AE41+AF41 -> 3.989627e-05 | AI41: / | AL41: =AG41-AJ41+AK41 -> 3.989627e-05 | AN41: / | AQ41: =AL41-AO41+AP41 -> 3.989627e-05 | AS41: / | AV41: =AQ41-AT41+AU41 -> 3.989627e-05 | AX41: / | BA41: =AV41-AY41+AZ41 -> 3.989627e-05 | BC41: / | BF41: =BA41-BD41+BE41 -> 3.989627e-05 | BH41: / | BK41: =BF41-BI41+BJ41 -> 3.989627e-05 | BM41: / | BP41: =BK41-BN41+BO41 -> 3.989627e-05
A42: 屏体制造 | B42: =_xlfn.IFNA(VLOOKUP($A42,批次辅助!$A$4:$DC$41,MATCH($A$5&B$4,批次辅助!$A$1:$DC$1,0),0),0) -> 2.718524e-05 | C42: =_xlfn.IFNA(VLOOKUP($A42,批次辅助!$A$4:$DC$41,MATCH($A$5&C$4,批次辅助!$A$1:$DC$1,0),0),0) -> 1.3298757e-05 | D42: =_xlfn.IFNA(VLOOKUP($A42,批次辅助!$A$4:$DC$41,MATCH($A$5&D$4,批次辅助!$A$1:$DC$1,0),0),0) -> 0 | H42: =C42-F42+G42 -> 1.3298757e-05 | M42: =H42-K42+L42 -> 1.3298757e-05 | O42: / | R42: =M42-P42+Q42 -> 1.3298757e-05 | T42: / | W42: =R42-U42+V42 -> 1.3298757e-05 | Y42: / | AB42: =W42-Z42+AA42 -> 1.3298757e-05 | AD42: / | AG42: =AB42-AE42+AF42 -> 1.3298757e-05 | AI42: / | AL42: =AG42-AJ42+AK42 -> 1.3298757e-05 | AN42: / | AQ42: =AL42-AO42+AP42 -> 1.3298757e-05 | AS42: / | AV42: =AQ42-AT42+AU42 -> 1.3298757e-05 | AX42: / | BA42: =AV42-AY42+AZ42 -> 1.3298757e-05 | BC42: / | BF42: =BA42-BD42+BE42 -> 1.3298757e-05 | BH42: / | BK42: =BF42-BI42+BJ42 -> 1.3298757e-05 | BM42: / | BP42: =BK42-BN42+BO42 -> 1.3298757e-05
A43: 外观不良 | B43: =_xlfn.IFNA(VLOOKUP($A43,批次辅助!$A$4:$DC$41,MATCH($A$5&B$4,批次辅助!$A$1:$DC$1,0),0),0) -> 0.0011508418 | C43: =_xlfn.IFNA(VLOOKUP($A43,批次辅助!$A$4:$DC$41,MATCH($A$5&C$4,批次辅助!$A$1:$DC$1,0),0),0) -> 0.0025267637 | D43: =_xlfn.IFNA(VLOOKUP($A43,批次辅助!$A$4:$DC$41,MATCH($A$5&D$4,批次辅助!$A$1:$DC$1,0),0),0) -> 0.001433929 | H43: =C43-F43+G43 -> 0.0025267637 | M43: =H43-K43+L43 -> 0.0025267637 | R43: =M43-P43+Q43 -> 0.0025267637 | W43: =R43-U43+V43 -> 0.0025267637 | AB43: =W43-Z43+AA43 -> 0.0025267637 | AG43: =AB43-AE43+AF43 -> 0.0025267637 | AL43: =AG43-AJ43+AK43 -> 0.0025267637 | AQ43: =AL43-AO43+AP43 -> 0.0025267637 | AV43: =AQ43-AT43+AU43 -> 0.0025267637 | BA43: =AV43-AY43+AZ43 -> 0.0025267637 | BF43: =BA43-BD43+BE43 -> 0.0025267637 | BK43: =BF43-BI43+BJ43 -> 0.0025267637 | BP43: =BK43-BN43+BO43 -> 0.0025267637
A44: 风险品（屏体) | B44: =_xlfn.IFNA(VLOOKUP($A44,批次辅助!$A$4:$DC$41,MATCH($A$5&B$4,批次辅助!$A$1:$DC$1,0),0),0) -> 0 | C44: =_xlfn.IFNA(VLOOKUP($A44,批次辅助!$A$4:$DC$41,MATCH($A$5&C$4,批次辅助!$A$1:$DC$1,0),0),0) -> 0 | D44: =_xlfn.IFNA(VLOOKUP($A44,批次辅助!$A$4:$DC$41,MATCH($A$5&D$4,批次辅助!$A$1:$DC$1,0),0),0) -> 0 | H44: =C44-F44+G44 -> 0 | M44: =H44-K44+L44 -> 0 | R44: =M44-P44+Q44 -> 0 | W44: =R44-U44+V44 -> 0 | AB44: =W44-Z44+AA44 -> 0 | AG44: =AB44-AE44+AF44 -> 0 | AL44: =AG44-AJ44+AK44 -> 0 | AQ44: =AL44-AO44+AP44 -> 0 | AV44: =AQ44-AT44+AU44 -> 0 | BA44: =AV44-AY44+AZ44 -> 0 | BF44: =BA44-BD44+BE44 -> 0 | BK44: =BF44-BI44+BJ44 -> 0 | BP44: =BK44-BN44+BO44 -> 0
A45: 风险品（ 未分责）
A46: 正贡献/负影响合计 | F46: =SUM(F13:F45) -> 0.093 | G46: =SUM(G13:G45) -> 0.0551 | K46: =SUM(K13:K45) -> 0.0502 | L46: =SUM(L13:L45) -> 0 | P46: =SUM(P13:P45) -> 0 | Q46: =SUM(Q13:Q45) -> 0.031948882 | U46: =SUM(U13:U45) -> 0.031948882 | V46: =SUM(V13:V45) -> 0.0119976 | Z46: =SUM(Z13:Z45) -> 0.0119976 | AA46: =SUM(AA13:AA45) -> 0.005 | AE46: =SUM(AE13:AE45) -> 0 | AF46: =SUM(AF13:AF45) -> 0 | AJ46: =SUM(AJ13:AJ45) -> 0 | AK46: =SUM(AK13:AK45) -> 0 | AO46: =SUM(AO13:AO45) -> 0 | AP46: =SUM(AP13:AP45) -> 0 | AT46: =SUM(AT13:AT45) -> 0.005 | AU46: =SUM(AU13:AU45) -> 0 | AY46: =SUM(AY13:AY45) -> 0 | AZ46: =SUM(AZ13:AZ45) -> 0 | BD46: =SUM(BD13:BD45) -> 0 | BE46: =SUM(BE13:BE45) -> 0 | BI46: =SUM(BI13:BI45) -> 0 | BJ46: =SUM(BJ13:BJ45) -> 0 | BN46: =SUM(BN13:BN45) -> 0 | BO46: =SUM(BO13:BO45) -> 0
A48: 汇总
A49: 批次汇总/跨月批次数据 | P49: 月加权汇总 | W49: 跨月数据 | Y49: 对应跨月数据上月已生产数据 | Z49: 对应跨月数据上月已生产数据
A50: 预估月 | B50: =E3 -> M02 | C50: =J3 -> M03 | D50: =O3 -> M03 | E50: =T3 -> M03 | F50: =Y3 -> M04 | G50: =AD3 -> M04 | H50: =AI3 -> M04 | I50: =AN3 -> M05 | J50: =AS3 -> M05 | K50: =AX3 -> M06 | L50: =BC3 | M50: =BH3 | N50: =BM3 | O50: =P50 -> M03 | P50: M03 | Q50: M04 | R50: M05 | S50: M06 | T50: M07 | W50: 产品型号
A51: 蒸镀批次 | B51: =E4 -> 01/29蒸镀批次 | C51: =J4 -> 02/10蒸镀批次 | D51: =O4 -> 02/20蒸镀批次 | E51: =T4 -> 03/04蒸镀批次 | F51: =Y4 -> 03/16蒸镀批次 | G51: =AD4 -> 03/27蒸镀批次 | H51: =AI4 -> 04/09蒸镀批次 | I51: =AN4 -> 04/27蒸镀批次 | J51: =AS4 -> 05/08蒸镀批次 | K51: =AX4 -> 05/21蒸镀批次 | L51: =BC4 | M51: =BH4 | N51: =BM4 | O51: =X51 -> 01/29批 | W51: 批次 | X51: 01/29批 | Y51: =X51 -> 01/29批 | Z51: =X51 -> 01/29批
A52: 蒸镀数量(half） | B52: =E6 -> 958 | C52: =J6 -> 1498 | D52: =O6 -> 626 | E52: =T6 -> 1667 | F52: =Y6 -> 1750 | G52: =AD6 -> 1640 | H52: =AI6 -> 100 | I52: =AN6 -> 1680 | J52: =AS6 -> 1680 | K52: =AX6 -> 1680 | L52: =AY6 -> 0 | M52: =BH6 -> 0 | N52: =BM6 -> 0 | O52: =_xlfn.IFNA(VLOOKUP(A52,$W$52:$Y$86,2,0),"0%")/A2 -> 247.04444 | P52: =SUMIF($B$50:$O$50,P$50,$B52:$O52) -> 4038.0444 | Q52: =SUMIF($B$50:$O$50,Q$50,$B52:$O52) -> 3490 | R52: =SUMIF($B$50:$O$50,R$50,$B52:$O52) -> 3360 | S52: =SUMIF($B$50:$O$50,S$50,$B52:$O52) -> 1680 | T52: =SUMIF($B$50:$O$50,T$50,$B52:$O52) -> 0 | W52: 蒸镀数量(half） | X52: =Z52-Y52 -> 11117 | Y52: 31993 | Z52: 43110
A53: 计划投入数（half） | B53: =E7 -> 958 | C53: =J7 -> 1498 | D53: =O7 -> 626 | E53: =T7 -> 1667 | F53: =Y7 -> 1750 | G53: =AD7 -> 1640 | H53: =AI7 -> 100 | I53: =AN7 -> 1680 | J53: =AS7 -> 1680 | K53: =AX7 -> 1680 | L53: =AY7 -> 0 | M53: =BH7 -> 0 | N53: =BM7 -> 0 | O53: =O52 -> 247.04444 | P53: =SUMIF($B$50:$O$50,P$50,$B53:$O53) -> 4038.0444 | Q53: =SUMIF($B$50:$O$50,Q$50,$B53:$O53) -> 3490 | R53: =SUMIF($B$50:$O$50,R$50,$B53:$O53) -> 3360 | S53: =SUMIF($B$50:$O$50,S$50,$B53:$O53) -> 1680 | T53: =SUMIF($B$50:$O$50,T$50,$B53:$O53) -> 0 | W53: 计划投入数（half） | X53: =X52 -> 11117
A54: 批次入库率 | B54: =E8 -> 1 | C54: =J8 -> 1 | D54: =O8 -> 1 | E54: =T8 -> 1 | F54: =Y8 -> 1 | G54: =AD8 -> 1 | H54: =AI8 -> 1 | I54: =AN8 -> 1 | J54: =AS8 -> 1 | K54: =AX8 -> 1 | L54: =AY8 -> 0 | M54: =BH8 -> 0 | N54: =BM8 -> 0 | O54: =_xlfn.IFNA(VLOOKUP(A54,$W$52:$Y$86,2,0),"0%") -> 0% | P54: =IFERROR(P53/P52,0) -> 1 | Q54: =IFERROR(Q53/Q52,0) -> 1 | R54: =IFERROR(R53/R52,0) -> 1 | S54: =IFERROR(S53/S52,0) -> 1 | T54: =IFERROR(T53/T52,0) -> 0 | W54: 入库良率 | X54: =IF(Y54=0%,0%,(Z54*Z52-Y52*Y54)/X52) -> 0.72229166 | Y54: 0.80073766 | Z54: =B55 -> 0.78050838
A55: 入库良率 | B55: =H9 -> 0.78050838 | C55: =M9 -> 0.83067826 | D55: =R9 -> 0.79872938 | E55: =W9 -> 0.81868066 | F55: =AB9 -> 0.82568126 | G55: =AG9 -> 0.82568126 | H55: =AL9 -> 0.82568126 | I55: =AQ9 -> 0.82568126 | J55: =AV9 -> 0.83067826 | K55: =BA9 -> 0.83067826 | L55: =BF9 -> 0.83067826 | M55: =BK9 -> 0.83067826 | N55: =BP9 -> 0.83067826 | O55: =_xlfn.IFNA(VLOOKUP(A55,$W$52:$Y$86,2,0),"0%") -> 0.72229166 | P55: =IF(P$53=0,0%,SUMPRODUCT(($B$50:$O$50=P$50)*$B$53:$O$53*$B55:$O55)/P$53) -> 0.81414147 | Q55: =IF(Q$53=0,0%,SUMPRODUCT(($B$50:$O$50=Q$50)*$B$53:$O$53*$B55:$O55)/Q$53) -> 0.82568126 | R55: =IF(R$53=0,0%,SUMPRODUCT(($B$50:$O$50=R$50)*$B$53:$O$53*$B55:$O55)/R$53) -> 0.82817976 | S55: =IF(S$53=0,0%,SUMPRODUCT(($B$50:$O$50=S$50)*$B$53:$O$53*$B55:$O55)/S$53) -> 0.83067826 | T55: =IF(T$53=0,0%,SUMPRODUCT(($B$50:$O$50=T$50)*$B$53:$O$53*$B55:$O55)/T$53) -> 0
A56: 屏体良率 | B56: =H10 -> 0.78050838 | C56: =M10 -> 0.83067826 | D56: =R10 -> 0.83067826 | E56: =W10 -> 0.83067826 | F56: =AB10 -> 0.82568126 | G56: =AG10 -> 0.82568126 | H56: =AL10 -> 0.82568126 | I56: =AQ10 -> 0.82568126 | J56: =AV10 -> 0.83067826 | K56: =BA10 -> 0.83067826 | L56: =BF10 -> 0.83067826 | M56: =BK10 -> 0.83067826 | N56: =BP10 -> 0.83067826 | O56: =O55 -> 0.72229166 | P56: =IF(P$53=0,0%,SUMPRODUCT(($B$50:$O$50=P$50)*$B$53:$O$53*$B56:$O56)/P$53) -> 0.82404725 | Q56: =IF(Q$53=0,0%,SUMPRODUCT(($B$50:$O$50=Q$50)*$B$53:$O$53*$B56:$O56)/Q$53) -> 0.82568126 | R56: =IF(R$53=0,0%,SUMPRODUCT(($B$50:$O$50=R$50)*$B$53:$O$53*$B56:$O56)/R$53) -> 0.82817976 | S56: =IF(S$53=0,0%,SUMPRODUCT(($B$50:$O$50=S$50)*$B$53:$O$53*$B56:$O56)/S$53) -> 0.83067826 | T56: =IF(T$53=0,0%,SUMPRODUCT(($B$50:$O$50=T$50)*$B$53:$O$53*$B56:$O56)/T$53) -> 0
A57: Array | B57: =H11 -> 0.88161322 | C57: =M11 -> 0.88161322 | D57: =R11 -> 0.88161322 | E57: =W11 -> 0.88161322 | F57: =AB11 -> 0.88161322 | G57: =AG11 -> 0.88161322 | H57: =AL11 -> 0.88161322 | I57: =AQ11 -> 0.88161322 | J57: =AV11 -> 0.88161322 | K57: =BA11 -> 0.88161322 | L57: =BF11 -> 0.88161322 | M57: =BK11 -> 0.88161322 | N57: =BP11 -> 0.88161322 | O57: =O58*99.9% -> 0.94152314 | P57: =IF(P$53=0,0%,SUMPRODUCT(($B$50:$O$50=P$50)*$B$53:$O$53*$B57:$O57)/P$53) -> 0.88527846 | Q57: =IF(Q$53=0,0%,SUMPRODUCT(($B$50:$O$50=Q$50)*$B$53:$O$53*$B57:$O57)/Q$53) -> 0.88161322 | R57: =IF(R$53=0,0%,SUMPRODUCT(($B$50:$O$50=R$50)*$B$53:$O$53*$B57:$O57)/R$53) -> 0.88161322 | S57: =IF(S$53=0,0%,SUMPRODUCT(($B$50:$O$50=S$50)*$B$53:$O$53*$B57:$O57)/S$53) -> 0.88161322 | T57: =IF(T$53=0,0%,SUMPRODUCT(($B$50:$O$50=T$50)*$B$53:$O$53*$B57:$O57)/T$53) -> 0 | W57: ARRAY还原入库良率 | X57: =IF(IF(Y57=0%,0%,(Z57*$Z$52-$Y$52*Y57)/$X$52)>100%,"100%",IF(Y57=0%,0%,(Z57*$Z$52-$Y$52*Y57)/$X$52)) -> 0.9424656 | Y57: 0.86165724 | Z57: =B58 -> 0.88249571
A58: ARRAY还原入库良率 | B58: =H12 -> 0.88249571 | C58: =M12 -> 0.88249571 | D58: =R12 -> 0.88249571 | E58: =W12 -> 0.88249571 | F58: =AB12 -> 0.88249571 | G58: =AG12 -> 0.88249571 | H58: =AL12 -> 0.88249571 | I58: =AQ12 -> 0.88249571 | J58: =AV12 -> 0.88249571 | K58: =BA12 -> 0.88249571 | L58: =BF12 -> 0.88249571 | M58: =BK12 -> 0.88249571 | N58: =BP12 -> 0.88249571 | O58: =_xlfn.IFNA(VLOOKUP(A58,$W$52:$Y$86,2,0),"0%") -> 0.9424656 | P58: =IF(P$53=0,0%,SUMPRODUCT(($B$50:$O$50=P$50)*$B$53:$O$53*$B58:$O58)/P$53) -> 0.88616462 | Q58: =IF(Q$53=0,0%,SUMPRODUCT(($B$50:$O$50=Q$50)*$B$53:$O$53*$B58:$O58)/Q$53) -> 0.88249571 | R58: =IF(R$53=0,0%,SUMPRODUCT(($B$50:$O$50=R$50)*$B$53:$O$53*$B58:$O58)/R$53) -> 0.88249571 | S58: =IF(S$53=0,0%,SUMPRODUCT(($B$50:$O$50=S$50)*$B$53:$O$53*$B58:$O58)/S$53) -> 0.88249571 | T58: =IF(T$53=0,0%,SUMPRODUCT(($B$50:$O$50=T$50)*$B$53:$O$53*$B58:$O58)/T$53) -> 0 | W58: TP还原入库良率 | X58: =IF(IF(Y58=0%,0%,(Z58*$Z$52-$Y$52*Y58)/$X$52)>100%,"100%",IF(Y58=0%,0%,(Z58*$Z$52-$Y$52*Y58)/$X$52)) -> 0.99500887 | Y58: 0.9931235 | Z58: =B76 -> 0.99360969
A59: Array_AD | B59: =H13 -> 0.034185584 | C59: =M13 -> 0.034185584 | D59: =R13 -> 0.034185584 | E59: =W13 -> 0.034185584 | F59: =AB13 -> 0.034185584 | G59: =AG13 -> 0.034185584 | H59: =AL13 -> 0.034185584 | I59: =AQ13 -> 0.034185584 | J59: =AV13 -> 0.034185584 | K59: =BA13 -> 0.034185584 | L59: =BF13 -> 0.034185584 | M59: =BK13 -> 0.034185584 | N59: =BP13 -> 0.034185584 | O59: =_xlfn.IFNA(VLOOKUP(A59,$W$52:$Y$86,2,0),"0%") -> 0.021475266 | P59: =IF(P$53=0,0%,SUMPRODUCT(($B$50:$O$50=P$50)*$B$53:$O$53*$B59:$O59)/P$53) -> 0.033407977 | Q59: =IF(Q$53=0,0%,SUMPRODUCT(($B$50:$O$50=Q$50)*$B$53:$O$53*$B59:$O59)/Q$53) -> 0.034185584 | R59: =IF(R$53=0,0%,SUMPRODUCT(($B$50:$O$50=R$50)*$B$53:$O$53*$B59:$O59)/R$53) -> 0.034185584 | S59: =IF(S$53=0,0%,SUMPRODUCT(($B$50:$O$50=S$50)*$B$53:$O$53*$B59:$O59)/S$53) -> 0.034185584 | T59: =IF(T$53=0,0%,SUMPRODUCT(($B$50:$O$50=T$50)*$B$53:$O$53*$B59:$O59)/T$53) -> 0 | W59: OLED还原入库良率 | X59: =IF(IF(Y59=0%,0%,(Z59*$Z$52-$Y$52*Y59)/$X$52)>100%,"100%",IF(Y59=0%,0%,(Z59*$Z$52-$Y$52*Y59)/$X$52)) -> 0.8006344 | Y59: 0.94755103 | Z59: =B67 -> 0.90966487
A60: Array_Line | B60: =H14 -> 0.031098012 | C60: =M14 -> 0.031098012 | D60: =R14 -> 0.031098012 | E60: =W14 -> 0.031098012 | F60: =AB14 -> 0.031098012 | G60: =AG14 -> 0.031098012 | H60: =AL14 -> 0.031098012 | I60: =AQ14 -> 0.031098012 | J60: =AV14 -> 0.031098012 | K60: =BA14 -> 0.031098012 | L60: =BF14 -> 0.031098012 | M60: =BK14 -> 0.031098012 | N60: =BP14 -> 0.031098012 | O60: =_xlfn.IFNA(VLOOKUP(A60,$W$52:$Y$86,2,0),"0%") -> 0.039995978 | P60: =IF(P$53=0,0%,SUMPRODUCT(($B$50:$O$50=P$50)*$B$53:$O$53*$B60:$O60)/P$53) -> 0.031642383 | Q60: =IF(Q$53=0,0%,SUMPRODUCT(($B$50:$O$50=Q$50)*$B$53:$O$53*$B60:$O60)/Q$53) -> 0.031098012 | R60: =IF(R$53=0,0%,SUMPRODUCT(($B$50:$O$50=R$50)*$B$53:$O$53*$B60:$O60)/R$53) -> 0.031098012 | S60: =IF(S$53=0,0%,SUMPRODUCT(($B$50:$O$50=S$50)*$B$53:$O$53*$B60:$O60)/S$53) -> 0.031098012 | T60: =IF(T$53=0,0%,SUMPRODUCT(($B$50:$O$50=T$50)*$B$53:$O$53*$B60:$O60)/T$53) -> 0 | W60: 屏体还原入库良率 | X60: =IF(IF(Y60=0%,0%,(Z60*$Z$52-$Y$52*Y60)/$X$52)>100%,"100%",IF(Y60=0%,0%,(Z60*$Z$52-$Y$52*Y60)/$X$52)) -> 0.9928043 | Y60: 0.99846841 | Z60: =B85 -> 0.99700778
A61: Array_Mura | B61: =H15 -> 0.012640003 | C61: =M15 -> 0.012640003 | D61: =R15 -> 0.012640003 | E61: =W15 -> 0.012640003 | F61: =AB15 -> 0.012640003 | G61: =AG15 -> 0.012640003 | H61: =AL15 -> 0.012640003 | I61: =AQ15 -> 0.012640003 | J61: =AV15 -> 0.012640003 | K61: =BA15 -> 0.012640003 | L61: =BF15 -> 0.012640003 | M61: =BK15 -> 0.012640003 | N61: =BP15 -> 0.012640003 | O61: =_xlfn.IFNA(VLOOKUP(A61,$W$52:$Y$86,2,0),"0%") -> 0 | P61: =IF(P$53=0,0%,SUMPRODUCT(($B$50:$O$50=P$50)*$B$53:$O$53*$B61:$O61)/P$53) -> 0.011866697 | Q61: =IF(Q$53=0,0%,SUMPRODUCT(($B$50:$O$50=Q$50)*$B$53:$O$53*$B61:$O61)/Q$53) -> 0.012640003 | R61: =IF(R$53=0,0%,SUMPRODUCT(($B$50:$O$50=R$50)*$B$53:$O$53*$B61:$O61)/R$53) -> 0.012640003 | S61: =IF(S$53=0,0%,SUMPRODUCT(($B$50:$O$50=S$50)*$B$53:$O$53*$B61:$O61)/S$53) -> 0.012640003 | T61: =IF(T$53=0,0%,SUMPRODUCT(($B$50:$O$50=T$50)*$B$53:$O$53*$B61:$O61)/T$53) -> 0 | W61: Array_Line | X61: =IF((Z61*$Z$52-Y61*$Y$52)<0,0%,(Z61*$Z$52-Y61*$Y$52)/$X$52) -> 0.039995978 | Y61: 0.028006126 | Z61: =VLOOKUP(W61,$A$57:$B$93,2,0) -> 0.031098012
A62: Array_Pixel | B62: =H16 -> 0.031991954 | C62: =M16 -> 0.031991954 | D62: =R16 -> 0.031991954 | E62: =W16 -> 0.031991954 | F62: =AB16 -> 0.031991954 | G62: =AG16 -> 0.031991954 | H62: =AL16 -> 0.031991954 | I62: =AQ16 -> 0.031991954 | J62: =AV16 -> 0.031991954 | K62: =BA16 -> 0.031991954 | L62: =BF16 -> 0.031991954 | M62: =BK16 -> 0.031991954 | N62: =BP16 -> 0.031991954 | O62: =_xlfn.IFNA(VLOOKUP(A62,$W$52:$Y$86,2,0),"0%") -> 0.067569771 | P62: =IF(P$53=0,0%,SUMPRODUCT(($B$50:$O$50=P$50)*$B$53:$O$53*$B62:$O62)/P$53) -> 0.034168578 | Q62: =IF(Q$53=0,0%,SUMPRODUCT(($B$50:$O$50=Q$50)*$B$53:$O$53*$B62:$O62)/Q$53) -> 0.031991954 | R62: =IF(R$53=0,0%,SUMPRODUCT(($B$50:$O$50=R$50)*$B$53:$O$53*$B62:$O62)/R$53) -> 0.031991954 | S62: =IF(S$53=0,0%,SUMPRODUCT(($B$50:$O$50=S$50)*$B$53:$O$53*$B62:$O62)/S$53) -> 0.031991954 | T62: =IF(T$53=0,0%,SUMPRODUCT(($B$50:$O$50=T$50)*$B$53:$O$53*$B62:$O62)/T$53) -> 0 | W62: ARRAY其他 | X62: =IF((Z62*$Z$52-Y62*$Y$52)<0,0%,(Z62*$Z$52-Y62*$Y$52)/$X$52) -> 0.0028571211 | Y62: 9.3770512e-05 | Z62: =VLOOKUP(W62,$A$57:$B$93,2,0) -> 0.0008063701
A63: ARRAY_RS查杀 | B63: =H17 -> 0.0067823658 | C63: =M17 -> 0.0067823658 | D63: =R17 -> 0.0067823658 | E63: =W17 -> 0.0067823658 | F63: =AB17 -> 0.0067823658 | G63: =AG17 -> 0.0067823658 | H63: =AL17 -> 0.0067823658 | I63: =AQ17 -> 0.0067823658 | J63: =AV17 -> 0.0067823658 | K63: =BA17 -> 0.0067823658 | L63: =BF17 -> 0.0067823658 | M63: =BK17 -> 0.0067823658 | N63: =BP17 -> 0.0067823658 | O63: =_xlfn.IFNA(VLOOKUP(A63,$W$55:$Y$89,2,0),"0%") -> 0.00057459672 | P63: =IF(P$53=0,0%,SUMPRODUCT(($B$50:$O$50=P$50)*$B$53:$O$53*$B63:$O63)/P$53) -> 0.0064025793 | Q63: =IF(Q$53=0,0%,SUMPRODUCT(($B$50:$O$50=Q$50)*$B$53:$O$53*$B63:$O63)/Q$53) -> 0.0067823658 | R63: =IF(R$53=0,0%,SUMPRODUCT(($B$50:$O$50=R$50)*$B$53:$O$53*$B63:$O63)/R$53) -> 0.0067823658 | S63: =IF(S$53=0,0%,SUMPRODUCT(($B$50:$O$50=S$50)*$B$53:$O$53*$B63:$O63)/S$53) -> 0.0067823658 | T63: =IF(T$53=0,0%,SUMPRODUCT(($B$50:$O$50=T$50)*$B$53:$O$53*$B63:$O63)/T$53) -> 0 | W63: Array_AD | X63: =IF((Z63*$Z$52-Y63*$Y$52)<0,0%,(Z63*$Z$52-Y63*$Y$52)/$X$52) -> 0.021475266 | Y63: 0.038602194 | Z63: =VLOOKUP(W63,$A$57:$B$93,2,0) -> 0.034185584
A64: ARRAY其他 | B64: =H18 -> 0.0008063701 | C64: =M18 -> 0.0008063701 | D64: =R18 -> 0.0008063701 | E64: =W18 -> 0.0008063701 | F64: =AB18 -> 0.0008063701 | G64: =AG18 -> 0.0008063701 | H64: =AL18 -> 0.0008063701 | I64: =AQ18 -> 0.0008063701 | J64: =AV18 -> 0.0008063701 | K64: =BA18 -> 0.0008063701 | L64: =BF18 -> 0.0008063701 | M64: =BK18 -> 0.0008063701 | N64: =BP18 -> 0.0008063701 | O64: =_xlfn.IFNA(VLOOKUP(A64,$W$52:$Y$86,2,0),"0%") -> 0.0028571211 | P64: =IF(P$53=0,0%,SUMPRODUCT(($B$50:$O$50=P$50)*$B$53:$O$53*$B64:$O64)/P$53) -> 0.00093183347 | Q64: =IF(Q$53=0,0%,SUMPRODUCT(($B$50:$O$50=Q$50)*$B$53:$O$53*$B64:$O64)/Q$53) -> 0.0008063701 | R64: =IF(R$53=0,0%,SUMPRODUCT(($B$50:$O$50=R$50)*$B$53:$O$53*$B64:$O64)/R$53) -> 0.0008063701 | S64: =IF(S$53=0,0%,SUMPRODUCT(($B$50:$O$50=S$50)*$B$53:$O$53*$B64:$O64)/S$53) -> 0.0008063701 | T64: =IF(T$53=0,0%,SUMPRODUCT(($B$50:$O$50=T$50)*$B$53:$O$53*$B64:$O64)/T$53) -> 0 | W64: Array_Mura | X64: =IF((Z64*$Z$52-Y64*$Y$52)<0,0%,(Z64*$Z$52-Y64*$Y$52)/$X$52) -> 0 | Y64: 0.043259463 | Z64: =VLOOKUP(W64,$A$57:$B$93,2,0) -> 0.012640003
A65: 风险品（Array） | B65: =H19 -> 0 | C65: =M19 -> 0 | D65: =R19 -> 0 | E65: =W19 -> 0 | F65: =AB19 -> 0 | G65: =AG19 -> 0 | H65: =AL19 -> 0 | I65: =AQ19 -> 0 | J65: =AV19 -> 0 | K65: =BA19 -> 0 | L65: =BF19 -> 0 | M65: =BK19 -> 0 | N65: =BP19 -> 0 | O65: =_xlfn.IFNA(VLOOKUP(A65,$W$52:$Y$86,2,0),"0%") -> 0% | P65: =IF(P$53=0,0%,SUMPRODUCT(($B$50:$O$50=P$50)*$B$53:$O$53*$B65:$O65)/P$53) -> 0 | Q65: =IF(Q$53=0,0%,SUMPRODUCT(($B$50:$O$50=Q$50)*$B$53:$O$53*$B65:$O65)/Q$53) -> 0 | R65: =IF(R$53=0,0%,SUMPRODUCT(($B$50:$O$50=R$50)*$B$53:$O$53*$B65:$O65)/R$53) -> 0 | S65: =IF(S$53=0,0%,SUMPRODUCT(($B$50:$O$50=S$50)*$B$53:$O$53*$B65:$O65)/S$53) -> 0 | T65: =IF(T$53=0,0%,SUMPRODUCT(($B$50:$O$50=T$50)*$B$53:$O$53*$B65:$O65)/T$53) -> 0 | W65: Array_Pixel | X65: =IF((Z65*$Z$52-Y65*$Y$52)<0,0%,(Z65*$Z$52-Y65*$Y$52)/$X$52) -> 0.067569771 | Y65: 0.019629294 | Z65: =VLOOKUP(W65,$A$57:$B$93,2,0) -> 0.031991954
A66: OLED | B66: =H20 -> 0.90875521 | C66: =M20 -> 0.95680711 | D66: =R20 -> 0.95680711 | E66: =W20 -> 0.95680711 | F66: =AB20 -> 0.95181211 | G66: =AG20 -> 0.95181211 | H66: =AL20 -> 0.95181211 | I66: =AQ20 -> 0.95181211 | J66: =AV20 -> 0.95680711 | K66: =BA20 -> 0.95680711 | L66: =BF20 -> 0.95680711 | M66: =BK20 -> 0.95680711 | N66: =BP20 -> 0.95680711 | O66: =O67*99.9% -> 0.79983376 | P66: =IF(P$53=0,0%,SUMPRODUCT(($B$50:$O$50=P$50)*$B$53:$O$53*$B66:$O66)/P$53) -> 0.9472036 | Q66: =IF(Q$53=0,0%,SUMPRODUCT(($B$50:$O$50=Q$50)*$B$53:$O$53*$B66:$O66)/Q$53) -> 0.95181211 | R66: =IF(R$53=0,0%,SUMPRODUCT(($B$50:$O$50=R$50)*$B$53:$O$53*$B66:$O66)/R$53) -> 0.95430961 | S66: =IF(S$53=0,0%,SUMPRODUCT(($B$50:$O$50=S$50)*$B$53:$O$53*$B66:$O66)/S$53) -> 0.95680711 | T66: =IF(T$53=0,0%,SUMPRODUCT(($B$50:$O$50=T$50)*$B$53:$O$53*$B66:$O66)/T$53) -> 0 | W66: OLED_Mura | X66: =IF((Z66*$Z$52-Y66*$Y$52)<0,0%,(Z66*$Z$52-Y66*$Y$52)/$X$52) -> 0.00099997271 | Y66: 0.0021254649 | Z66: =VLOOKUP(W66,$A$57:$B$93,2,0) -> 0.0018352284
A67: OLED还原入库良率 | B67: =H21 -> 0.90966487 | C67: =M21 -> 0.95776487 | D67: =R21 -> 0.95776487 | E67: =W21 -> 0.95776487 | F67: =AB21 -> 0.95276487 | G67: =AG21 -> 0.95276487 | H67: =AL21 -> 0.95276487 | I67: =AQ21 -> 0.95276487 | J67: =AV21 -> 0.95776487 | K67: =BA21 -> 0.95776487 | L67: =BF21 -> 0.95776487 | M67: =BK21 -> 0.95776487 | N67: =BP21 -> 0.95776487 | O67: =_xlfn.IFNA(VLOOKUP(A67,$W$52:$Y$86,2,0),"0%") -> 0.8006344 | P67: =IF(P$53=0,0%,SUMPRODUCT(($B$50:$O$50=P$50)*$B$53:$O$53*$B67:$O67)/P$53) -> 0.94815175 | Q67: =IF(Q$53=0,0%,SUMPRODUCT(($B$50:$O$50=Q$50)*$B$53:$O$53*$B67:$O67)/Q$53) -> 0.95276487 | R67: =IF(R$53=0,0%,SUMPRODUCT(($B$50:$O$50=R$50)*$B$53:$O$53*$B67:$O67)/R$53) -> 0.95526487 | S67: =IF(S$53=0,0%,SUMPRODUCT(($B$50:$O$50=S$50)*$B$53:$O$53*$B67:$O67)/S$53) -> 0.95776487 | T67: =IF(T$53=0,0%,SUMPRODUCT(($B$50:$O$50=T$50)*$B$53:$O$53*$B67:$O67)/T$53) -> 0 | W67: OLED_RS查杀 | X67: =IF((Z67*$Z$52-Y67*$Y$52)<0,0%,(Z67*$Z$52-Y67*$Y$52)/$X$52) -> 0.010023467 | Y67: 0.0033444816 | Z67: =VLOOKUP(W67,$A$57:$B$93,2,0) -> 0.0050668263
A68: OLED_Mura | B68: =H22 -> 0.0018352284 | C68: =M22 -> 0.0018352284 | D68: =R22 -> 0.0018352284 | E68: =W22 -> 0.0018352284 | F68: =AB22 -> 0.0068352284 | G68: =AG22 -> 0.0068352284 | H68: =AL22 -> 0.0068352284 | I68: =AQ22 -> 0.0068352284 | J68: =AV22 -> 0.0018352284 | K68: =BA22 -> 0.0018352284 | L68: =BF22 -> 0.0018352284 | M68: =BK22 -> 0.0018352284 | N68: =BP22 -> 0.0018352284 | O68: =_xlfn.IFNA(VLOOKUP(A68,$W$52:$Y$86,2,0),"0%") -> 0.00099997271 | P68: =IF(P$53=0,0%,SUMPRODUCT(($B$50:$O$50=P$50)*$B$53:$O$53*$B68:$O68)/P$53) -> 0.0017841281 | Q68: =IF(Q$53=0,0%,SUMPRODUCT(($B$50:$O$50=Q$50)*$B$53:$O$53*$B68:$O68)/Q$53) -> 0.0068352284 | R68: =IF(R$53=0,0%,SUMPRODUCT(($B$50:$O$50=R$50)*$B$53:$O$53*$B68:$O68)/R$53) -> 0.0043352284 | S68: =IF(S$53=0,0%,SUMPRODUCT(($B$50:$O$50=S$50)*$B$53:$O$53*$B68:$O68)/S$53) -> 0.0018352284 | T68: =IF(T$53=0,0%,SUMPRODUCT(($B$50:$O$50=T$50)*$B$53:$O$53*$B68:$O68)/T$53) -> 0 | W68: OLED其他 | X68: =IF((Z68*$Z$52-Y68*$Y$52)<0,0%,(Z68*$Z$52-Y68*$Y$52)/$X$52) -> 0.0071504293 | Y68: 0.0090019692 | Z68: =VLOOKUP(W68,$A$57:$B$93,2,0) -> 0.008524503
A69: OLED_RS查杀 | B69: =H23 -> 0.0050668263 | C69: =M23 -> 0.0050668263 | D69: =R23 -> 0.0050668263 | E69: =W23 -> 0.0050668263 | F69: =AB23 -> 0.0050668263 | G69: =AG23 -> 0.0050668263 | H69: =AL23 -> 0.0050668263 | I69: =AQ23 -> 0.0050668263 | J69: =AV23 -> 0.0050668263 | K69: =BA23 -> 0.0050668263 | L69: =BF23 -> 0.0050668263 | M69: =BK23 -> 0.0050668263 | N69: =BP23 -> 0.0050668263 | O69: =_xlfn.IFNA(VLOOKUP(A69,$W$52:$Y$86,2,0),"0%") -> 0.010023467 | P69: =IF(P$53=0,0%,SUMPRODUCT(($B$50:$O$50=P$50)*$B$53:$O$53*$B69:$O69)/P$53) -> 0.0053700697 | Q69: =IF(Q$53=0,0%,SUMPRODUCT(($B$50:$O$50=Q$50)*$B$53:$O$53*$B69:$O69)/Q$53) -> 0.0050668263 | R69: =IF(R$53=0,0%,SUMPRODUCT(($B$50:$O$50=R$50)*$B$53:$O$53*$B69:$O69)/R$53) -> 0.0050668263 | S69: =IF(S$53=0,0%,SUMPRODUCT(($B$50:$O$50=S$50)*$B$53:$O$53*$B69:$O69)/S$53) -> 0.0050668263 | T69: =IF(T$53=0,0%,SUMPRODUCT(($B$50:$O$50=T$50)*$B$53:$O$53*$B69:$O69)/T$53) -> 0 | W69: OLED_色偏 | X69: =IF((Z69*$Z$52-Y69*$Y$52)<0,0%,(Z69*$Z$52-Y69*$Y$52)/$X$52) -> 0.16098079 | Y69: 0.045 | Z69: =VLOOKUP(W69,$A$57:$B$93,2,0) -> 0.074908571
A70: OLED_色偏 | B70: =H24 -> 0.074908571 | C70: =M24 -> 0.029908571 | D70: =R24 -> 0.029908571 | E70: =W24 -> 0.029908571 | F70: =AB24 -> 0.029908571 | G70: =AG24 -> 0.029908571 | H70: =AL24 -> 0.029908571 | I70: =AQ24 -> 0.029908571 | J70: =AV24 -> 0.029908571 | K70: =BA24 -> 0.029908571 | L70: =BF24 -> 0.029908571 | M70: =BK24 -> 0.029908571 | N70: =BP24 -> 0.029908571 | O70: =_xlfn.IFNA(VLOOKUP(A70,$W$52:$Y$86,2,0),"0%") -> 0.16098079 | P70: =IF(P$53=0,0%,SUMPRODUCT(($B$50:$O$50=P$50)*$B$53:$O$53*$B70:$O70)/P$53) -> 0.037927469 | Q70: =IF(Q$53=0,0%,SUMPRODUCT(($B$50:$O$50=Q$50)*$B$53:$O$53*$B70:$O70)/Q$53) -> 0.029908571 | R70: =IF(R$53=0,0%,SUMPRODUCT(($B$50:$O$50=R$50)*$B$53:$O$53*$B70:$O70)/R$53) -> 0.029908571 | S70: =IF(S$53=0,0%,SUMPRODUCT(($B$50:$O$50=S$50)*$B$53:$O$53*$B70:$O70)/S$53) -> 0.029908571 | T70: =IF(T$53=0,0%,SUMPRODUCT(($B$50:$O$50=T$50)*$B$53:$O$53*$B70:$O70)/T$53) -> 0 | W70: TP其他 | X70: =IF((Z70*$Z$52-Y70*$Y$52)<0,0%,(Z70*$Z$52-Y70*$Y$52)/$X$52) -> 0 | Y70: 0.00043759572 | Z70: =VLOOKUP(W70,$A$57:$B$93,2,0) -> 2.6597513e-05
A71: OLED其他 | B71: =H25 -> 0.008524503 | C71: =M25 -> 0.005424503 | D71: =R25 -> 0.005424503 | E71: =W25 -> 0.005424503 | F71: =AB25 -> 0.005424503 | G71: =AG25 -> 0.005424503 | H71: =AL25 -> 0.005424503 | I71: =AQ25 -> 0.005424503 | J71: =AV25 -> 0.005424503 | K71: =BA25 -> 0.005424503 | L71: =BF25 -> 0.005424503 | M71: =BK25 -> 0.005424503 | N71: =BP25 -> 0.005424503 | O71: =_xlfn.IFNA(VLOOKUP(A71,$W$52:$Y$86,2,0),"0%") -> 0.0071504293 | P71: =IF(P$53=0,0%,SUMPRODUCT(($B$50:$O$50=P$50)*$B$53:$O$53*$B71:$O71)/P$53) -> 0.0055300938 | Q71: =IF(Q$53=0,0%,SUMPRODUCT(($B$50:$O$50=Q$50)*$B$53:$O$53*$B71:$O71)/Q$53) -> 0.005424503 | R71: =IF(R$53=0,0%,SUMPRODUCT(($B$50:$O$50=R$50)*$B$53:$O$53*$B71:$O71)/R$53) -> 0.005424503 | S71: =IF(S$53=0,0%,SUMPRODUCT(($B$50:$O$50=S$50)*$B$53:$O$53*$B71:$O71)/S$53) -> 0.005424503 | T71: =IF(T$53=0,0%,SUMPRODUCT(($B$50:$O$50=T$50)*$B$53:$O$53*$B71:$O71)/T$53) -> 0 | W71: TP 容值NG | X71: =IF((Z71*$Z$52-Y71*$Y$52)<0,0%,(Z71*$Z$52-Y71*$Y$52)/$X$52) -> 0 | Y71: 0 | Z71: =VLOOKUP(W71,$A$57:$B$93,2,0) -> 0
A72: OLED_开发责 | B72: =H26 -> 0 | C72: =M26 -> 0 | D72: =R26 -> 0 | E72: =W26 -> 0 | F72: =AB26 -> 0 | G72: =AG26 -> 0 | H72: =AL26 -> 0 | I72: =AQ26 -> 0 | J72: =AV26 -> 0 | K72: =BA26 -> 0 | L72: =BF26 -> 0 | M72: =BK26 -> 0 | N72: =BP26 -> 0 | O72: =_xlfn.IFNA(VLOOKUP(A72,$W$52:$Y$86,2,0),"0%") -> 0% | P72: =IF(P$53=0,0%,SUMPRODUCT(($B$50:$O$50=P$50)*$B$53:$O$53*$B72:$O72)/P$53) -> 0 | Q72: =IF(Q$53=0,0%,SUMPRODUCT(($B$50:$O$50=Q$50)*$B$53:$O$53*$B72:$O72)/Q$53) -> 0 | R72: =IF(R$53=0,0%,SUMPRODUCT(($B$50:$O$50=R$50)*$B$53:$O$53*$B72:$O72)/R$53) -> 0 | S72: =IF(S$53=0,0%,SUMPRODUCT(($B$50:$O$50=S$50)*$B$53:$O$53*$B72:$O72)/S$53) -> 0 | T72: =IF(T$53=0,0%,SUMPRODUCT(($B$50:$O$50=T$50)*$B$53:$O$53*$B72:$O72)/T$53) -> 0 | W72: 外观不良 | X72: =IF((Z72*$Z$52-Y72*$Y$52)<0,0%,(Z72*$Z$52-Y72*$Y$52)/$X$52) -> 0.0057505429 | Y72: 0.0014065577 | Z72: =VLOOKUP(W72,$A$57:$B$93,2,0) -> 0.0025267637
A73: 风险品（OLED) | B73: =H27 -> 0 | C73: =M27 -> 0 | D73: =R27 -> 0 | E73: =W27 -> 0.0119976 | F73: =AB27 -> 0 | G73: =AG27 -> 0 | H73: =AL27 -> 0 | I73: =AQ27 -> 0 | J73: =AV27 -> 0 | K73: =BA27 -> 0 | L73: =BF27 -> 0 | M73: =BK27 -> 0 | N73: =BP27 -> 0 | O73: =_xlfn.IFNA(VLOOKUP(A73,$W$52:$Y$86,2,0),"0%") -> 0% | P73: =IF(P$53=0,0%,SUMPRODUCT(($B$50:$O$50=P$50)*$B$53:$O$53*$B73:$O73)/P$53) -> 0.0049528925 | Q73: =IF(Q$53=0,0%,SUMPRODUCT(($B$50:$O$50=Q$50)*$B$53:$O$53*$B73:$O73)/Q$53) -> 0 | R73: =IF(R$53=0,0%,SUMPRODUCT(($B$50:$O$50=R$50)*$B$53:$O$53*$B73:$O73)/R$53) -> 0 | S73: =IF(S$53=0,0%,SUMPRODUCT(($B$50:$O$50=S$50)*$B$53:$O$53*$B73:$O73)/S$53) -> 0 | T73: =IF(T$53=0,0%,SUMPRODUCT(($B$50:$O$50=T$50)*$B$53:$O$53*$B73:$O73)/T$53) -> 0 | W73: 屏体制造 | X73: =IF((Z73*$Z$52-Y73*$Y$52)<0,0%,(Z73*$Z$52-Y73*$Y$52)/$X$52) -> 5.1570513e-05 | Y73: 0 | Z73: =VLOOKUP(W73,$A$57:$B$93,2,0) -> 1.3298757e-05
A74: 风险品（ 未分责） | B74: =H28 -> 0 | C74: =M28 -> 0 | D74: =R28 -> 0 | E74: =W28 -> 0 | F74: =AB28 -> 0 | G74: =AG28 -> 0 | H74: =AL28 -> 0 | I74: =AQ28 -> 0 | J74: =AV28 -> 0 | K74: =BA28 -> 0 | L74: =BF28 -> 0 | M74: =BK28 -> 0 | N74: =BP28 -> 0 | O74: =_xlfn.IFNA(VLOOKUP(A74,$W$52:$Y$86,2,0),"0%") -> 0% | P74: =IF(P$53=0,0%,SUMPRODUCT(($B$50:$O$50=P$50)*$B$53:$O$53*$B74:$O74)/P$53) -> 0 | Q74: =IF(Q$53=0,0%,SUMPRODUCT(($B$50:$O$50=Q$50)*$B$53:$O$53*$B74:$O74)/Q$53) -> 0 | R74: =IF(R$53=0,0%,SUMPRODUCT(($B$50:$O$50=R$50)*$B$53:$O$53*$B74:$O74)/R$53) -> 0 | S74: =IF(S$53=0,0%,SUMPRODUCT(($B$50:$O$50=S$50)*$B$53:$O$53*$B74:$O74)/S$53) -> 0 | T74: =IF(T$53=0,0%,SUMPRODUCT(($B$50:$O$50=T$50)*$B$53:$O$53*$B74:$O74)/T$53) -> 0 | W74: 检测技术部 | X74: =IF((Z74*$Z$52-Y74*$Y$52)<0,0%,(Z74*$Z$52-Y74*$Y$52)/$X$52) -> 0.0013288289 | Y74: 9.3770512e-05 | Z74: =VLOOKUP(W74,$A$57:$B$93,2,0) -> 0.00041226145
A75: TP屏体 | B75: =H29 -> 0.99321224 | C75: =M29 -> 0.9953114 | D75: =R29 -> 0.9953114 | E75: =W29 -> 0.9953114 | F75: =AB29 -> 0.9953114 | G75: =AG29 -> 0.9953114 | H75: =AL29 -> 0.9953114 | I75: =AQ29 -> 0.9953114 | J75: =AV29 -> 0.9953114 | K75: =BA29 -> 0.9953114 | L75: =BF29 -> 0.9953114 | M75: =BK29 -> 0.9953114 | N75: =BP29 -> 0.9953114 | O75: =O76*99.96% -> 0.99461087 | P75: =IF(P$53=0,0%,SUMPRODUCT(($B$50:$O$50=P$50)*$B$53:$O$53*$B75:$O75)/P$53) -> 0.99526855 | Q75: =IF(Q$53=0,0%,SUMPRODUCT(($B$50:$O$50=Q$50)*$B$53:$O$53*$B75:$O75)/Q$53) -> 0.9953114 | R75: =IF(R$53=0,0%,SUMPRODUCT(($B$50:$O$50=R$50)*$B$53:$O$53*$B75:$O75)/R$53) -> 0.9953114 | S75: =IF(S$53=0,0%,SUMPRODUCT(($B$50:$O$50=S$50)*$B$53:$O$53*$B75:$O75)/S$53) -> 0.9953114 | T75: =IF(T$53=0,0%,SUMPRODUCT(($B$50:$O$50=T$50)*$B$53:$O$53*$B75:$O75)/T$53) -> 0 | W75: ARRAY_RS查杀 | X75: =IF((Z75*$Z$52-Y75*$Y$52)<0,0%,(Z75*$Z$52-Y75*$Y$52)/$X$52) -> 0.00057459672 | Y75: 0.0089394555 | Z75: =VLOOKUP(W75,$A$57:$B$93,2,0) -> 0.0067823658
A76: TP还原入库良率 | B76: =H30 -> 0.99360969 | C76: =M30 -> 0.99570969 | D76: =R30 -> 0.99570969 | E76: =W30 -> 0.99570969 | F76: =AB30 -> 0.99570969 | G76: =AG30 -> 0.99570969 | H76: =AL30 -> 0.99570969 | I76: =AQ30 -> 0.99570969 | J76: =AV30 -> 0.99570969 | K76: =BA30 -> 0.99570969 | L76: =BF30 -> 0.99570969 | M76: =BK30 -> 0.99570969 | N76: =BP30 -> 0.99570969 | O76: =_xlfn.IFNA(VLOOKUP(A76,$W$52:$Y$86,2,0),"0%") -> 0.99500887 | P76: =IF(P$53=0,0%,SUMPRODUCT(($B$50:$O$50=P$50)*$B$53:$O$53*$B76:$O76)/P$53) -> 0.99566681 | Q76: =IF(Q$53=0,0%,SUMPRODUCT(($B$50:$O$50=Q$50)*$B$53:$O$53*$B76:$O76)/Q$53) -> 0.99570969 | R76: =IF(R$53=0,0%,SUMPRODUCT(($B$50:$O$50=R$50)*$B$53:$O$53*$B76:$O76)/R$53) -> 0.99570969 | S76: =IF(S$53=0,0%,SUMPRODUCT(($B$50:$O$50=S$50)*$B$53:$O$53*$B76:$O76)/S$53) -> 0.99570969 | T76: =IF(T$53=0,0%,SUMPRODUCT(($B$50:$O$50=T$50)*$B$53:$O$53*$B76:$O76)/T$53) -> 0 | W76: TP_RS查杀 | X76: =IF((Z76*$Z$52-Y76*$Y$52)<0,0%,(Z76*$Z$52-Y76*$Y$52)/$X$52) -> 0.0041049322 | Y76: 0.0037508205 | Z76: =VLOOKUP(W76,$A$57:$B$93,2,0) -> 0.0038421371
A77: TP_NG | B77: =H31 -> 0 | C77: =M31 -> 0 | D77: =R31 -> 0 | E77: =W31 -> 0 | F77: =AB31 -> 0 | G77: =AG31 -> 0 | H77: =AL31 -> 0 | I77: =AQ31 -> 0 | J77: =AV31 -> 0 | K77: =BA31 -> 0 | L77: =BF31 -> 0 | M77: =BK31 -> 0 | N77: =BP31 -> 0 | O77: =_xlfn.IFNA(VLOOKUP(A77,$W$52:$Y$86,2,0),"0%") -> 0% | P77: =IF(P$53=0,0%,SUMPRODUCT(($B$50:$O$50=P$50)*$B$53:$O$53*$B77:$O77)/P$53) -> 0 | Q77: =IF(Q$53=0,0%,SUMPRODUCT(($B$50:$O$50=Q$50)*$B$53:$O$53*$B77:$O77)/Q$53) -> 0 | R77: =IF(R$53=0,0%,SUMPRODUCT(($B$50:$O$50=R$50)*$B$53:$O$53*$B77:$O77)/R$53) -> 0 | S77: =IF(S$53=0,0%,SUMPRODUCT(($B$50:$O$50=S$50)*$B$53:$O$53*$B77:$O77)/S$53) -> 0 | T77: =IF(T$53=0,0%,SUMPRODUCT(($B$50:$O$50=T$50)*$B$53:$O$53*$B77:$O77)/T$53) -> 0 | W77: TP_Short NG | X77: =IF((Z77*$Z$52-Y77*$Y$52)<0,0%,(Z77*$Z$52-Y77*$Y$52)/$X$52) -> 0.002042385 | Y77: 0.002688088 | Z77: =VLOOKUP(W77,$A$57:$B$93,2,0) -> 0.0025215772
A78: TP_Short NG | B78: =H32 -> 0.0025215772 | C78: =M32 -> 0.0025215772 | D78: =R32 -> 0.0025215772 | E78: =W32 -> 0.0025215772 | F78: =AB32 -> 0.0025215772 | G78: =AG32 -> 0.0025215772 | H78: =AL32 -> 0.0025215772 | I78: =AQ32 -> 0.0025215772 | J78: =AV32 -> 0.0025215772 | K78: =BA32 -> 0.0025215772 | L78: =BF32 -> 0.0025215772 | M78: =BK32 -> 0.0025215772 | N78: =BP32 -> 0.0025215772 | O78: =_xlfn.IFNA(VLOOKUP(A78,$W$52:$Y$86,2,0),"0%") -> 0.002042385 | P78: =IF(P$53=0,0%,SUMPRODUCT(($B$50:$O$50=P$50)*$B$53:$O$53*$B78:$O78)/P$53) -> 0.0024922606 | Q78: =IF(Q$53=0,0%,SUMPRODUCT(($B$50:$O$50=Q$50)*$B$53:$O$53*$B78:$O78)/Q$53) -> 0.0025215772 | R78: =IF(R$53=0,0%,SUMPRODUCT(($B$50:$O$50=R$50)*$B$53:$O$53*$B78:$O78)/R$53) -> 0.0025215772 | S78: =IF(S$53=0,0%,SUMPRODUCT(($B$50:$O$50=S$50)*$B$53:$O$53*$B78:$O78)/S$53) -> 0.0025215772 | T78: =IF(T$53=0,0%,SUMPRODUCT(($B$50:$O$50=T$50)*$B$53:$O$53*$B78:$O78)/T$53) -> 0 | W78: 屏体技术部 | X78: =IF((Z78*$Z$52-Y78*$Y$52)<0,0%,(Z78*$Z$52-Y78*$Y$52)/$X$52) -> 6.4759214e-05 | Y78: 3.1256837e-05 | Z78: =VLOOKUP(W78,$A$57:$B$93,2,0) -> 3.989627e-05
A79: TP 容值NG | B79: =H33 -> 0 | C79: =M33 -> 0 | D79: =R33 -> 0 | E79: =W33 -> 0 | F79: =AB33 -> 0 | G79: =AG33 -> 0 | H79: =AL33 -> 0 | I79: =AQ33 -> 0 | J79: =AV33 -> 0 | K79: =BA33 -> 0 | L79: =BF33 -> 0 | M79: =BK33 -> 0 | N79: =BP33 -> 0 | O79: =_xlfn.IFNA(VLOOKUP(A79,$W$52:$Y$86,2,0),"0%") -> 0 | P79: =IF(P$53=0,0%,SUMPRODUCT(($B$50:$O$50=P$50)*$B$53:$O$53*$B79:$O79)/P$53) -> 0 | Q79: =IF(Q$53=0,0%,SUMPRODUCT(($B$50:$O$50=Q$50)*$B$53:$O$53*$B79:$O79)/Q$53) -> 0 | R79: =IF(R$53=0,0%,SUMPRODUCT(($B$50:$O$50=R$50)*$B$53:$O$53*$B79:$O79)/R$53) -> 0 | S79: =IF(S$53=0,0%,SUMPRODUCT(($B$50:$O$50=S$50)*$B$53:$O$53*$B79:$O79)/S$53) -> 0 | T79: =IF(T$53=0,0%,SUMPRODUCT(($B$50:$O$50=T$50)*$B$53:$O$53*$B79:$O79)/T$53) -> 0
A80: TP_RS查杀 | B80: =H34 -> 0.0038421371 | C80: =M34 -> 0.0017421371 | D80: =R34 -> 0.0017421371 | E80: =W34 -> 0.0017421371 | F80: =AB34 -> 0.0017421371 | G80: =AG34 -> 0.0017421371 | H80: =AL34 -> 0.0017421371 | I80: =AQ34 -> 0.0017421371 | J80: =AV34 -> 0.0017421371 | K80: =BA34 -> 0.0017421371 | L80: =BF34 -> 0.0017421371 | M80: =BK34 -> 0.0017421371 | N80: =BP34 -> 0.0017421371 | O80: =_xlfn.IFNA(VLOOKUP(A80,$W$52:$Y$86,2,0),"0%") -> 0.0041049322 | P80: =IF(P$53=0,0%,SUMPRODUCT(($B$50:$O$50=P$50)*$B$53:$O$53*$B80:$O80)/P$53) -> 0.0018866911 | Q80: =IF(Q$53=0,0%,SUMPRODUCT(($B$50:$O$50=Q$50)*$B$53:$O$53*$B80:$O80)/Q$53) -> 0.0017421371 | R80: =IF(R$53=0,0%,SUMPRODUCT(($B$50:$O$50=R$50)*$B$53:$O$53*$B80:$O80)/R$53) -> 0.0017421371 | S80: =IF(S$53=0,0%,SUMPRODUCT(($B$50:$O$50=S$50)*$B$53:$O$53*$B80:$O80)/S$53) -> 0.0017421371 | T80: =IF(T$53=0,0%,SUMPRODUCT(($B$50:$O$50=T$50)*$B$53:$O$53*$B80:$O80)/T$53) -> 0
A81: TP其他 | B81: =H35 -> 2.6597513e-05 | C81: =M35 -> 2.6597513e-05 | D81: =R35 -> 2.6597513e-05 | E81: =W35 -> 2.6597513e-05 | F81: =AB35 -> 2.6597513e-05 | G81: =AG35 -> 2.6597513e-05 | H81: =AL35 -> 2.6597513e-05 | I81: =AQ35 -> 2.6597513e-05 | J81: =AV35 -> 2.6597513e-05 | K81: =BA35 -> 2.6597513e-05 | L81: =BF35 -> 2.6597513e-05 | M81: =BK35 -> 2.6597513e-05 | N81: =BP35 -> 2.6597513e-05 | O81: =_xlfn.IFNA(VLOOKUP(A81,$W$52:$Y$86,2,0),"0%") -> 0 | P81: =IF(P$53=0,0%,SUMPRODUCT(($B$50:$O$50=P$50)*$B$53:$O$53*$B81:$O81)/P$53) -> 2.4970298e-05 | Q81: =IF(Q$53=0,0%,SUMPRODUCT(($B$50:$O$50=Q$50)*$B$53:$O$53*$B81:$O81)/Q$53) -> 2.6597513e-05 | R81: =IF(R$53=0,0%,SUMPRODUCT(($B$50:$O$50=R$50)*$B$53:$O$53*$B81:$O81)/R$53) -> 2.6597513e-05 | S81: =IF(S$53=0,0%,SUMPRODUCT(($B$50:$O$50=S$50)*$B$53:$O$53*$B81:$O81)/S$53) -> 2.6597513e-05 | T81: =IF(T$53=0,0%,SUMPRODUCT(($B$50:$O$50=T$50)*$B$53:$O$53*$B81:$O81)/T$53) -> 0
A82: 风险品（TP) | B82: =H36 -> 0 | C82: =M36 -> 0 | D82: =R36 -> 0.031948882 | E82: =W36 -> 0 | F82: =AB36 -> 0 | G82: =AG36 -> 0 | H82: =AL36 -> 0 | I82: =AQ36 -> 0 | J82: =AV36 -> 0 | K82: =BA36 -> 0 | L82: =BF36 -> 0 | M82: =BK36 -> 0 | N82: =BP36 -> 0 | O82: =_xlfn.IFNA(VLOOKUP(A82,$W$52:$Y$86,2,0),"0%") -> 0% | P82: =IF(P$53=0,0%,SUMPRODUCT(($B$50:$O$50=P$50)*$B$53:$O$53*$B82:$O82)/P$53) -> 0.0049528925 | Q82: =IF(Q$53=0,0%,SUMPRODUCT(($B$50:$O$50=Q$50)*$B$53:$O$53*$B82:$O82)/Q$53) -> 0 | R82: =IF(R$53=0,0%,SUMPRODUCT(($B$50:$O$50=R$50)*$B$53:$O$53*$B82:$O82)/R$53) -> 0 | S82: =IF(S$53=0,0%,SUMPRODUCT(($B$50:$O$50=S$50)*$B$53:$O$53*$B82:$O82)/S$53) -> 0 | T82: =IF(T$53=0,0%,SUMPRODUCT(($B$50:$O$50=T$50)*$B$53:$O$53*$B82:$O82)/T$53) -> 0
A83: 风险品（ 未分责） | B83: =H37 -> 0 | C83: =M37 -> 0 | D83: =R37 -> 0 | E83: =W37 -> 0 | F83: =AB37 -> 0 | G83: =AG37 -> 0 | H83: =AL37 -> 0 | I83: =AQ37 -> 0 | J83: =AV37 -> 0 | K83: =BA37 -> 0 | L83: =BF37 -> 0 | M83: =BK37 -> 0 | N83: =BP37 -> 0 | O83: =_xlfn.IFNA(VLOOKUP(A83,$W$52:$Y$86,2,0),"0%") -> 0% | P83: =IF(P$53=0,0%,SUMPRODUCT(($B$50:$O$50=P$50)*$B$53:$O$53*$B83:$O83)/P$53) -> 0 | Q83: =IF(Q$53=0,0%,SUMPRODUCT(($B$50:$O$50=Q$50)*$B$53:$O$53*$B83:$O83)/Q$53) -> 0 | R83: =IF(R$53=0,0%,SUMPRODUCT(($B$50:$O$50=R$50)*$B$53:$O$53*$B83:$O83)/R$53) -> 0 | S83: =IF(S$53=0,0%,SUMPRODUCT(($B$50:$O$50=S$50)*$B$53:$O$53*$B83:$O83)/S$53) -> 0 | T83: =IF(T$53=0,0%,SUMPRODUCT(($B$50:$O$50=T$50)*$B$53:$O$53*$B83:$O83)/T$53) -> 0
A84: 屏体良率 | B84: =H38 -> 0.99700778 | C84: =M38 -> 0.99700778 | D84: =R38 -> 0.99700778 | E84: =W38 -> 0.99700778 | F84: =AB38 -> 0.99700778 | G84: =AG38 -> 0.99700778 | H84: =AL38 -> 0.99700778 | I84: =AQ38 -> 0.99700778 | J84: =AV38 -> 0.99700778 | K84: =BA38 -> 0.99700778 | L84: =BF38 -> 0.99700778 | M84: =BK38 -> 0.99700778 | N84: =BP38 -> 0.99700778 | O84: =O85 -> 0.9928043 | P84: =IF(P$53=0,0%,SUMPRODUCT(($B$50:$O$50=P$50)*$B$53:$O$53*$B84:$O84)/P$53) -> 0.99675061 | Q84: =IF(Q$53=0,0%,SUMPRODUCT(($B$50:$O$50=Q$50)*$B$53:$O$53*$B84:$O84)/Q$53) -> 0.99700778 | R84: =IF(R$53=0,0%,SUMPRODUCT(($B$50:$O$50=R$50)*$B$53:$O$53*$B84:$O84)/R$53) -> 0.99700778 | S84: =IF(S$53=0,0%,SUMPRODUCT(($B$50:$O$50=S$50)*$B$53:$O$53*$B84:$O84)/S$53) -> 0.99700778 | T84: =IF(T$53=0,0%,SUMPRODUCT(($B$50:$O$50=T$50)*$B$53:$O$53*$B84:$O84)/T$53) -> 0
A85: 屏体还原入库良率 | B85: =H39 -> 0.99700778 | C85: =M39 -> 0.99700778 | D85: =R39 -> 0.99700778 | E85: =W39 -> 0.99700778 | F85: =AB39 -> 0.99700778 | G85: =AG39 -> 0.99700778 | H85: =AL39 -> 0.99700778 | I85: =AQ39 -> 0.99700778 | J85: =AV39 -> 0.99700778 | K85: =BA39 -> 0.99700778 | L85: =BF39 -> 0.99700778 | M85: =BK39 -> 0.99700778 | N85: =BP39 -> 0.99700778 | O85: =_xlfn.IFNA(VLOOKUP(A85,$W$52:$Y$86,2,0),"0%") -> 0.9928043 | P85: =IF(P$53=0,0%,SUMPRODUCT(($B$50:$O$50=P$50)*$B$53:$O$53*$B85:$O85)/P$53) -> 0.99675061 | Q85: =IF(Q$53=0,0%,SUMPRODUCT(($B$50:$O$50=Q$50)*$B$53:$O$53*$B85:$O85)/Q$53) -> 0.99700778 | R85: =IF(R$53=0,0%,SUMPRODUCT(($B$50:$O$50=R$50)*$B$53:$O$53*$B85:$O85)/R$53) -> 0.99700778 | S85: =IF(S$53=0,0%,SUMPRODUCT(($B$50:$O$50=S$50)*$B$53:$O$53*$B85:$O85)/S$53) -> 0.99700778 | T85: =IF(T$53=0,0%,SUMPRODUCT(($B$50:$O$50=T$50)*$B$53:$O$53*$B85:$O85)/T$53) -> 0
A86: 检测技术部 | B86: =H40 -> 0.00041226145 | C86: =M40 -> 0.00041226145 | D86: =R40 -> 0.00041226145 | E86: =W40 -> 0.00041226145 | F86: =AB40 -> 0.00041226145 | G86: =AG40 -> 0.00041226145 | H86: =AL40 -> 0.00041226145 | I86: =AQ40 -> 0.00041226145 | J86: =AV40 -> 0.00041226145 | K86: =BA40 -> 0.00041226145 | L86: =BF40 -> 0.00041226145 | M86: =BK40 -> 0.00041226145 | N86: =BP40 -> 0.00041226145 | O86: =_xlfn.IFNA(VLOOKUP(A86,$W$52:$Y$86,2,0),"0%") -> 0.0013288289 | P86: =IF(P$53=0,0%,SUMPRODUCT(($B$50:$O$50=P$50)*$B$53:$O$53*$B86:$O86)/P$53) -> 0.00046833635 | Q86: =IF(Q$53=0,0%,SUMPRODUCT(($B$50:$O$50=Q$50)*$B$53:$O$53*$B86:$O86)/Q$53) -> 0.00041226145 | R86: =IF(R$53=0,0%,SUMPRODUCT(($B$50:$O$50=R$50)*$B$53:$O$53*$B86:$O86)/R$53) -> 0.00041226145 | S86: =IF(S$53=0,0%,SUMPRODUCT(($B$50:$O$50=S$50)*$B$53:$O$53*$B86:$O86)/S$53) -> 0.00041226145 | T86: =IF(T$53=0,0%,SUMPRODUCT(($B$50:$O$50=T$50)*$B$53:$O$53*$B86:$O86)/T$53) -> 0
A87: 屏体技术部 | B87: =H41 -> 3.989627e-05 | C87: =M41 -> 3.989627e-05 | D87: =R41 -> 3.989627e-05 | E87: =W41 -> 3.989627e-05 | F87: =AB41 -> 3.989627e-05 | G87: =AG41 -> 3.989627e-05 | H87: =AL41 -> 3.989627e-05 | I87: =AQ41 -> 3.989627e-05 | J87: =AV41 -> 3.989627e-05 | K87: =BA41 -> 3.989627e-05 | L87: =BF41 -> 3.989627e-05 | M87: =BK41 -> 3.989627e-05 | N87: =BP41 -> 3.989627e-05 | O87: =_xlfn.IFNA(VLOOKUP(A87,$W$52:$Y$86,2,0),"0%") -> 6.4759214e-05 | P87: =IF(P$53=0,0%,SUMPRODUCT(($B$50:$O$50=P$50)*$B$53:$O$53*$B87:$O87)/P$53) -> 4.1417365e-05 | Q87: =IF(Q$53=0,0%,SUMPRODUCT(($B$50:$O$50=Q$50)*$B$53:$O$53*$B87:$O87)/Q$53) -> 3.989627e-05 | R87: =IF(R$53=0,0%,SUMPRODUCT(($B$50:$O$50=R$50)*$B$53:$O$53*$B87:$O87)/R$53) -> 3.989627e-05 | S87: =IF(S$53=0,0%,SUMPRODUCT(($B$50:$O$50=S$50)*$B$53:$O$53*$B87:$O87)/S$53) -> 3.989627e-05 | T87: =IF(T$53=0,0%,SUMPRODUCT(($B$50:$O$50=T$50)*$B$53:$O$53*$B87:$O87)/T$53) -> 0
A88: 屏体制造 | B88: =H42 -> 1.3298757e-05 | C88: =M42 -> 1.3298757e-05 | D88: =R42 -> 1.3298757e-05 | E88: =W42 -> 1.3298757e-05 | F88: =AB42 -> 1.3298757e-05 | G88: =AG42 -> 1.3298757e-05 | H88: =AL42 -> 1.3298757e-05 | I88: =AQ42 -> 1.3298757e-05 | J88: =AV42 -> 1.3298757e-05 | K88: =BA42 -> 1.3298757e-05 | L88: =BF42 -> 1.3298757e-05 | M88: =BK42 -> 1.3298757e-05 | N88: =BP42 -> 1.3298757e-05 | O88: =_xlfn.IFNA(VLOOKUP(A88,$W$52:$Y$86,2,0),"0%") -> 5.1570513e-05 | P88: =IF(P$53=0,0%,SUMPRODUCT(($B$50:$O$50=P$50)*$B$53:$O$53*$B88:$O88)/P$53) -> 1.5640193e-05 | Q88: =IF(Q$53=0,0%,SUMPRODUCT(($B$50:$O$50=Q$50)*$B$53:$O$53*$B88:$O88)/Q$53) -> 1.3298757e-05 | R88: =IF(R$53=0,0%,SUMPRODUCT(($B$50:$O$50=R$50)*$B$53:$O$53*$B88:$O88)/R$53) -> 1.3298757e-05 | S88: =IF(S$53=0,0%,SUMPRODUCT(($B$50:$O$50=S$50)*$B$53:$O$53*$B88:$O88)/S$53) -> 1.3298757e-05 | T88: =IF(T$53=0,0%,SUMPRODUCT(($B$50:$O$50=T$50)*$B$53:$O$53*$B88:$O88)/T$53) -> 0
A89: 外观不良 | B89: =H43 -> 0.0025267637 | C89: =M43 -> 0.0025267637 | D89: =R43 -> 0.0025267637 | E89: =W43 -> 0.0025267637 | F89: =AB43 -> 0.0025267637 | G89: =AG43 -> 0.0025267637 | H89: =AL43 -> 0.0025267637 | I89: =AQ43 -> 0.0025267637 | J89: =AV43 -> 0.0025267637 | K89: =BA43 -> 0.0025267637 | L89: =BF43 -> 0.0025267637 | M89: =BK43 -> 0.0025267637 | N89: =BP43 -> 0.0025267637 | O89: =_xlfn.IFNA(VLOOKUP(A89,$W$52:$Y$86,2,0),"0%") -> 0.0057505429 | P89: =IF(P$53=0,0%,SUMPRODUCT(($B$50:$O$50=P$50)*$B$53:$O$53*$B89:$O89)/P$53) -> 0.0027239921 | Q89: =IF(Q$53=0,0%,SUMPRODUCT(($B$50:$O$50=Q$50)*$B$53:$O$53*$B89:$O89)/Q$53) -> 0.0025267637 | R89: =IF(R$53=0,0%,SUMPRODUCT(($B$50:$O$50=R$50)*$B$53:$O$53*$B89:$O89)/R$53) -> 0.0025267637 | S89: =IF(S$53=0,0%,SUMPRODUCT(($B$50:$O$50=S$50)*$B$53:$O$53*$B89:$O89)/S$53) -> 0.0025267637 | T89: =IF(T$53=0,0%,SUMPRODUCT(($B$50:$O$50=T$50)*$B$53:$O$53*$B89:$O89)/T$53) -> 0
A90: 风险品（屏体) | B90: =H44 -> 0 | C90: =M44 -> 0 | D90: =R44 -> 0 | E90: =W44 -> 0 | F90: =AB44 -> 0 | G90: =AG44 -> 0 | H90: =AL44 -> 0 | I90: =AQ44 -> 0 | J90: =AV44 -> 0 | K90: =BA44 -> 0 | L90: =BF44 -> 0 | M90: =BK44 -> 0 | N90: =BP44 -> 0 | O90: =_xlfn.IFNA(VLOOKUP(A90,$W$52:$Y$86,2,0),"0%") -> 0% | P90: =IF(P$53=0,0%,SUMPRODUCT(($B$50:$O$50=P$50)*$B$53:$O$53*$B90:$O90)/P$53) -> 0 | Q90: =IF(Q$53=0,0%,SUMPRODUCT(($B$50:$O$50=Q$50)*$B$53:$O$53*$B90:$O90)/Q$53) -> 0 | R90: =IF(R$53=0,0%,SUMPRODUCT(($B$50:$O$50=R$50)*$B$53:$O$53*$B90:$O90)/R$53) -> 0 | S90: =IF(S$53=0,0%,SUMPRODUCT(($B$50:$O$50=S$50)*$B$53:$O$53*$B90:$O90)/S$53) -> 0 | T90: =IF(T$53=0,0%,SUMPRODUCT(($B$50:$O$50=T$50)*$B$53:$O$53*$B90:$O90)/T$53) -> 0
A91: 风险品（ 未分责） | B91: =H45 -> 0 | C91: =M45 -> 0 | D91: =R45 -> 0 | E91: =W45 -> 0 | F91: =AB45 -> 0 | G91: =AG45 -> 0 | H91: =AL45 -> 0 | I91: =AQ45 -> 0 | J91: =AV45 -> 0 | K91: =BA45 -> 0 | L91: =BF45 -> 0 | M91: =BK45 -> 0 | N91: =BP45 -> 0 | O91: =_xlfn.IFNA(VLOOKUP(A91,$W$52:$Y$86,2,0),"0%") -> 0% | P91: =IF(P$53=0,0%,SUMPRODUCT(($B$50:$O$50=P$50)*$B$53:$O$53*$B91:$O91)/P$53) -> 0 | Q91: =IF(Q$53=0,0%,SUMPRODUCT(($B$50:$O$50=Q$50)*$B$53:$O$53*$B91:$O91)/Q$53) -> 0 | R91: =IF(R$53=0,0%,SUMPRODUCT(($B$50:$O$50=R$50)*$B$53:$O$53*$B91:$O91)/R$53) -> 0 | S91: =IF(S$53=0,0%,SUMPRODUCT(($B$50:$O$50=S$50)*$B$53:$O$53*$B91:$O91)/S$53) -> 0 | T91: =IF(T$53=0,0%,SUMPRODUCT(($B$50:$O$50=T$50)*$B$53:$O$53*$B91:$O91)/T$53) -> 0
A92: 正贡献 | B92: =F46 -> 0.093 | C92: =K46 -> 0.0502 | D92: =P46 -> 0 | E92: =U46 -> 0.031948882 | F92: =Z46 -> 0.0119976 | G92: =AE46 -> 0 | H92: =AL46 -> 0 | I92: =AQ46 -> 0 | J92: =AV46 -> 0 | K92: =BA46 -> 0 | L92: =BF46 -> 0 | M92: =BK46 -> 0 | N92: =BP46 -> 0 | O92: =_xlfn.IFNA(VLOOKUP(A92,$W$52:$Y$86,2,0),"0%") -> 0% | P92: =IF(P$53=0,0%,SUMPRODUCT(($B$50:$O$50=P$50)*$B$53:$O$53*$B92:$O92)/P$53) -> 0.031812029 | Q92: =IF(Q$53=0,0%,SUMPRODUCT(($B$50:$O$50=Q$50)*$B$53:$O$53*$B92:$O92)/Q$53) -> 0.0060159888 | R92: =IF(R$53=0,0%,SUMPRODUCT(($B$50:$O$50=R$50)*$B$53:$O$53*$B92:$O92)/R$53) -> 0 | S92: =IF(S$53=0,0%,SUMPRODUCT(($B$50:$O$50=S$50)*$B$53:$O$53*$B92:$O92)/S$53) -> 0 | T92: =IF(T$53=0,0%,SUMPRODUCT(($B$50:$O$50=T$50)*$B$53:$O$53*$B92:$O92)/T$53) -> 0
A93: 负影响 | B93: =G46 -> 0.0551 | C93: =L46 -> 0 | D93: =Q46 -> 0.031948882 | E93: =V46 -> 0.0119976 | F93: =AA46 -> 0.005 | G93: =AF46 -> 0 | H93: =AL47 -> 0 | I93: =AQ47 -> 0 | J93: =AV47 -> 0 | K93: =BA47 -> 0 | L93: =BF47 -> 0 | M93: =BK47 -> 0 | N93: =BP47 -> 0 | O93: =_xlfn.IFNA(VLOOKUP(A93,$W$52:$Y$86,2,0),"0%") -> 0% | P93: =IF(P$53=0,0%,SUMPRODUCT(($B$50:$O$50=P$50)*$B$53:$O$53*$B93:$O93)/P$53) -> 0.009905785 | Q93: =IF(Q$53=0,0%,SUMPRODUCT(($B$50:$O$50=Q$50)*$B$53:$O$53*$B93:$O93)/Q$53) -> 0.0025071633 | R93: =IF(R$53=0,0%,SUMPRODUCT(($B$50:$O$50=R$50)*$B$53:$O$53*$B93:$O93)/R$53) -> 0 | S93: =IF(S$53=0,0%,SUMPRODUCT(($B$50:$O$50=S$50)*$B$53:$O$53*$B93:$O93)/S$53) -> 0 | T93: =IF(T$53=0,0%,SUMPRODUCT(($B$50:$O$50=T$50)*$B$53:$O$53*$B93:$O93)/T$53) -> 0

Sheet C472
B1: =VLOOKUP(A5,'PMC数据辅助&月良率预估'!$AR$3:$AS$130,2,0) -> LTPO手机 | C1: 0.88 | E1: A1
A2: =VLOOKUP(A5,切数!$C:$J,8,0) -> 100 | B2: 辅助列 | D2: 已生产批次 | E2: 月预估=当月各批次良率加权
A3: 预估月 | E3: =_xlfn.IFNA(VLOOKUP($A$5&E$4,'PMC数据辅助&月良率预估'!$B$2:$G$1000,2,0),"") -> M02 | J3: =_xlfn.IFNA(VLOOKUP($A$5&J$4,'PMC数据辅助&月良率预估'!$B$2:$G$1000,2,0),"") -> M03 | O3: =_xlfn.IFNA(VLOOKUP($A$5&O$4,'PMC数据辅助&月良率预估'!$B$2:$G$1000,2,0),"") -> M03 | T3: =_xlfn.IFNA(VLOOKUP($A$5&T$4,'PMC数据辅助&月良率预估'!$B$2:$G$1000,2,0),"") -> M04 | Y3: =_xlfn.IFNA(VLOOKUP($A$5&Y$4,'PMC数据辅助&月良率预估'!$B$2:$G$1000,2,0),"") -> M06 | AD3: =_xlfn.IFNA(VLOOKUP($A$5&AD$4,'PMC数据辅助&月良率预估'!$B$2:$G$1000,2,0),"") | AI3: =_xlfn.IFNA(VLOOKUP($A$5&AI$4,'PMC数据辅助&月良率预估'!$B$2:$G$1000,2,0),"") | AN3: =_xlfn.IFNA(VLOOKUP($A$5&AN$4,'PMC数据辅助&月良率预估'!$B$2:$G$1000,2,0),"") | AS3: =_xlfn.IFNA(VLOOKUP($A$5&AS$4,'PMC数据辅助&月良率预估'!$B$2:$G$1000,2,0),"") | AX3: =_xlfn.IFNA(VLOOKUP($A$5&AX$4,'PMC数据辅助&月良率预估'!$B$2:$G$1000,2,0),"") | BC3: =_xlfn.IFNA(VLOOKUP($A$5&BC$4,'PMC数据辅助&月良率预估'!$B$2:$G$1000,2,0),"") | BH3: =_xlfn.IFNA(VLOOKUP($A$5&BH$4,'PMC数据辅助&月良率预估'!$B$2:$G$1000,2,0),"") | BM3: =_xlfn.IFNA(VLOOKUP($A$5&BM$4,'PMC数据辅助&月良率预估'!$B$2:$G$1000,2,0),"")
A4: 蒸镀批次 | B4: 26/01/28蒸镀批 | C4: 26/02/07蒸镀批 | D4: 26/02/18蒸镀批 | E4: =_xlfn.IFNA(VLOOKUP($A$5&COLUMN($A$1),'PMC数据辅助&月良率预估'!$A:$F,5,0),"") -> 02/07蒸镀批次 | J4: =_xlfn.IFNA(VLOOKUP($A$5&COLUMN($B$1),'PMC数据辅助&月良率预估'!$A:$F,5,0),"") -> 02/18蒸镀批次 | O4: =_xlfn.IFNA(VLOOKUP($A$5&COLUMN($C$1),'PMC数据辅助&月良率预估'!$A:$F,5,0),"") -> 03/07蒸镀批次 | T4: =_xlfn.IFNA(VLOOKUP($A$5&COLUMN($D$1),'PMC数据辅助&月良率预估'!$A:$F,5,0),"") -> 03/25蒸镀批次 | Y4: =_xlfn.IFNA(VLOOKUP($A$5&COLUMN($E$1),'PMC数据辅助&月良率预估'!$A:$F,5,0),"") -> 05/21蒸镀批次 | AD4: =_xlfn.IFNA(VLOOKUP($A$5&COLUMN($F$1),'PMC数据辅助&月良率预估'!$A:$F,5,0),"") | AI4: =_xlfn.IFNA(VLOOKUP($A$5&COLUMN($G$1),'PMC数据辅助&月良率预估'!$A:$F,5,0),"") | AN4: =_xlfn.IFNA(VLOOKUP($A$5&COLUMN($H$1),'PMC数据辅助&月良率预估'!$A:$F,5,0),"") | AS4: =_xlfn.IFNA(VLOOKUP($A$5&COLUMN($I$1),'PMC数据辅助&月良率预估'!$A:$F,5,0),"") | AX4: =_xlfn.IFNA(VLOOKUP($A$5&COLUMN($J$1),'PMC数据辅助&月良率预估'!$A:$F,5,0),"") | BC4: =_xlfn.IFNA(VLOOKUP($A$5&COLUMN($K$1),'PMC数据辅助&月良率预估'!$A:$F,5,0),"") | BH4: =_xlfn.IFNA(VLOOKUP($A$5&COLUMN($L$1),'PMC数据辅助&月良率预估'!$A:$F,5,0),"") | BM4: =_xlfn.IFNA(VLOOKUP($A$5&COLUMN($M$1),'PMC数据辅助&月良率预估'!$A:$F,5,0),"")
A5: C472 | B5: 不良率 | C5: 不良率 | E5: 对策合入/异常影响 | F5: 良率正贡献 （贡献加和值） | G5: 良率负影响 （影响加和值） | H5: 不良预估 现状-正贡献+负影响 | I5: Inline佐证数据 | J5: 对策合入/异常影响 | K5: 良率正贡献 （贡献加和值） | L5: 良率负影响 （影响加和值） | M5: 不良预估 现状-正贡献+负影响 | N5: Inline佐证数据 | O5: 对策合入/异常影响 | P5: 良率正贡献 （贡献加和值） | Q5: 良率负影响 （影响加和值） | R5: 不良预估 现状-正贡献+负影响 | S5: Inline佐证数据 | T5: 对策合入/异常影响 | U5: 良率正贡献 （贡献加和值） | V5: 良率负影响 （影响加和值） | W5: 不良预估 现状-正贡献+负影响 | X5: Inline佐证数据 | Y5: 对策合入/异常影响 | Z5: 良率正贡献 （贡献加和值） | AA5: 良率负影响 （影响加和值） | AB5: 不良预估 现状-正贡献+负影响 | AC5: Inline佐证数据 | AD5: 对策合入/异常影响 | AE5: 良率正贡献 （贡献加和值） | AF5: 良率负影响 （影响加和值） | AG5: 不良预估 现状-正贡献+负影响 | AH5: Inline佐证数据 | AI5: 对策合入/异常影响 | AJ5: 良率正贡献 （贡献加和值） | AK5: 良率负影响 （影响加和值） | AL5: 不良预估 现状-正贡献+负影响 | AM5: Inline佐证数据 | AN5: 对策合入/异常影响 | AO5: 良率正贡献 （贡献加和值） | AP5: 良率负影响 （影响加和值） | AQ5: 不良预估 现状-正贡献+负影响 | AR5: Inline佐证数据 | AS5: 对策合入/异常影响 | AT5: 良率正贡献 （贡献加和值） | AU5: 良率负影响 （影响加和值） | AV5: 不良预估 现状-正贡献+负影响 | AW5: Inline佐证数据 | AX5: 对策合入/异常影响 | AY5: 良率正贡献 （贡献加和值） | AZ5: 良率负影响 （影响加和值） | BA5: 不良预估 现状-正贡献+负影响 | BB5: Inline佐证数据 | BC5: 对策合入/异常影响 | BD5: 良率正贡献 （贡献加和值） | BE5: 良率负影响 （影响加和值） | BF5: 不良预估 现状-正贡献+负影响 | BG5: Inline佐证数据 | BH5: 对策合入/异常影响 | BI5: 良率正贡献 （贡献加和值） | BJ5: 良率负影响 （影响加和值） | BK5: 不良预估 现状-正贡献+负影响 | BL5: Inline佐证数据 | BM5: 对策合入/异常影响 | BN5: 良率正贡献 （贡献加和值） | BO5: 良率负影响 （影响加和值） | BP5: 不良预估 现状-正贡献+负影响 | BQ5: Inline佐证数据
A6: 入库数 | B6: =_xlfn.IFNA(VLOOKUP($A6,批次辅助!$A$4:$DC$41,MATCH($A$5&B$4,批次辅助!$A$1:$DC$1,0),0),0) -> 11800 | C6: =_xlfn.IFNA(VLOOKUP($A6,批次辅助!$A$4:$DC$41,MATCH($A$5&C$4,批次辅助!$A$1:$DC$1,0),0),0) -> 41551 | D6: =_xlfn.IFNA(VLOOKUP($A6,批次辅助!$A$4:$DC$41,MATCH($A$5&D$4,批次辅助!$A$1:$DC$1,0),0),0) -> 36895 | E6: =_xlfn.IFNA(VLOOKUP($A$5&E$4,'PMC数据辅助&月良率预估'!$B$2:$G$599,5,0),0) -> 418 | J6: =_xlfn.IFNA(VLOOKUP($A$5&J$4,'PMC数据辅助&月良率预估'!$B$2:$G$599,5,0),0) -> 420 | O6: =_xlfn.IFNA(VLOOKUP($A$5&O$4,'PMC数据辅助&月良率预估'!$B$2:$G$599,5,0),0) -> 618 | T6: =_xlfn.IFNA(VLOOKUP($A$5&T$4,'PMC数据辅助&月良率预估'!$B$2:$G$599,5,0),0) -> 1080 | Y6: =_xlfn.IFNA(VLOOKUP($A$5&Y$4,'PMC数据辅助&月良率预估'!$B$2:$G$599,5,0),0) -> 1260 | AD6: =_xlfn.IFNA(VLOOKUP($A$5&AD$4,'PMC数据辅助&月良率预估'!$B$2:$G$599,5,0),0) -> 0 | AI6: =_xlfn.IFNA(VLOOKUP($A$5&AI$4,'PMC数据辅助&月良率预估'!$B$2:$G$599,5,0),0) -> 0 | AN6: =_xlfn.IFNA(VLOOKUP($A$5&AN$4,'PMC数据辅助&月良率预估'!$B$2:$G$599,5,0),0) -> 0 | AS6: =_xlfn.IFNA(VLOOKUP($A$5&AS$4,'PMC数据辅助&月良率预估'!$B$2:$G$599,5,0),0) -> 0 | AX6: =_xlfn.IFNA(VLOOKUP($A$5&AX$4,'PMC数据辅助&月良率预估'!$B$2:$G$599,5,0),0) -> 0 | BC6: =_xlfn.IFNA(VLOOKUP($A$5&BC$4,'PMC数据辅助&月良率预估'!$B$2:$G$599,5,0),0) -> 0 | BH6: =_xlfn.IFNA(VLOOKUP($A$5&BH$4,'PMC数据辅助&月良率预估'!$B$2:$G$599,5,0),0) -> 0 | BM6: =_xlfn.IFNA(VLOOKUP($A$5&BM$4,'PMC数据辅助&月良率预估'!$B$2:$G$599,5,0),0) -> 0
A7: 蒸镀数量 | B7: =_xlfn.IFNA(VLOOKUP($A7,批次辅助!$A$4:$DC$41,MATCH($A$5&B$4,批次辅助!$A$1:$DC$1,0),0),0) -> 11800 | C7: =_xlfn.IFNA(VLOOKUP($A7,批次辅助!$A$4:$DC$41,MATCH($A$5&C$4,批次辅助!$A$1:$DC$1,0),0),0) -> 41800 | D7: =_xlfn.IFNA(VLOOKUP($A7,批次辅助!$A$4:$DC$41,MATCH($A$5&D$4,批次辅助!$A$1:$DC$1,0),0),0) -> 42000 | E7: =_xlfn.IFNA(VLOOKUP($A$5&E$4,'PMC数据辅助&月良率预估'!$B$2:$G$599,6,0),0) -> 418 | J7: =_xlfn.IFNA(VLOOKUP($A$5&J$4,'PMC数据辅助&月良率预估'!$B$2:$G$599,6,0),0) -> 420 | O7: =_xlfn.IFNA(VLOOKUP($A$5&O$4,'PMC数据辅助&月良率预估'!$B$2:$G$599,6,0),0) -> 618 | T7: =_xlfn.IFNA(VLOOKUP($A$5&T$4,'PMC数据辅助&月良率预估'!$B$2:$G$599,6,0),0) -> 1080 | Y7: =_xlfn.IFNA(VLOOKUP($A$5&Y$4,'PMC数据辅助&月良率预估'!$B$2:$G$599,6,0),0) -> 1260 | AD7: =_xlfn.IFNA(VLOOKUP($A$5&AD$4,'PMC数据辅助&月良率预估'!$B$2:$G$599,6,0),0) -> 0 | AI7: =_xlfn.IFNA(VLOOKUP($A$5&AI$4,'PMC数据辅助&月良率预估'!$B$2:$G$599,6,0),0) -> 0 | AN7: =_xlfn.IFNA(VLOOKUP($A$5&AN$4,'PMC数据辅助&月良率预估'!$B$2:$G$599,6,0),0) -> 0 | AS7: =_xlfn.IFNA(VLOOKUP($A$5&AS$4,'PMC数据辅助&月良率预估'!$B$2:$G$599,6,0),0) -> 0 | AX7: =_xlfn.IFNA(VLOOKUP($A$5&AX$4,'PMC数据辅助&月良率预估'!$B$2:$G$599,6,0),0) -> 0 | BC7: =_xlfn.IFNA(VLOOKUP($A$5&BC$4,'PMC数据辅助&月良率预估'!$B$2:$G$599,6,0),0) -> 0 | BH7: =_xlfn.IFNA(VLOOKUP($A$5&BH$4,'PMC数据辅助&月良率预估'!$B$2:$G$599,6,0),0) -> 0 | BM7: =_xlfn.IFNA(VLOOKUP($A$5&BM$4,'PMC数据辅助&月良率预估'!$B$2:$G$599,6,0),0) -> 0
A8: 批次入库率 | B8: =_xlfn.IFNA(VLOOKUP($A8,批次辅助!$A$4:$DC$41,MATCH($A$5&B$4,批次辅助!$A$1:$DC$1,0),0),0) -> 1 | C8: =_xlfn.IFNA(VLOOKUP($A8,批次辅助!$A$4:$DC$41,MATCH($A$5&C$4,批次辅助!$A$1:$DC$1,0),0),0) -> 0.99404306 | D8: =_xlfn.IFNA(VLOOKUP($A8,批次辅助!$A$4:$DC$41,MATCH($A$5&D$4,批次辅助!$A$1:$DC$1,0),0),0) -> 0.87845238 | E8: =IF(E6=0,0%,E7/E6) -> 1 | J8: =IF(J6=0,0%,J7/J6) -> 1 | O8: =IF(O6=0,0%,O7/O6) -> 1 | T8: =IF(T6=0,0%,T7/T6) -> 1 | Y8: =IF(Y6=0,0%,Y7/Y6) -> 1 | AD8: =IF(AD6=0,0%,AD7/AD6) -> 0 | AI8: =IF(AI6=0,0%,AI7/AI6) -> 0 | AN8: =IF(AN6=0,0%,AN7/AN6) -> 0 | AS8: =IF(AS6=0,0%,AS7/AS6) -> 0 | AX8: =IF(AX6=0,0%,AX7/AX6) -> 0 | BC8: =IF(BC6=0,0%,BC7/BC6) -> 0 | BH8: =IF(BH6=0,0%,BH7/BH6) -> 0 | BM8: =IF(BM6=0,0%,BM7/BM6) -> 0
A9: 入库良率 | B9: =_xlfn.IFNA(VLOOKUP($A9,批次辅助!$A$4:$DC$41,MATCH($A$5&B$4,批次辅助!$A$1:$DC$1,0),0),0) -> 0.9370339 | C9: =_xlfn.IFNA(VLOOKUP($A9,批次辅助!$A$4:$DC$41,MATCH($A$5&C$4,批次辅助!$A$1:$DC$1,0),0),0) -> 0.92069986 | D9: =_xlfn.IFNA(VLOOKUP($A9,批次辅助!$A$4:$DC$41,MATCH($A$5&D$4,批次辅助!$A$1:$DC$1,0),0),0) -> 0.93348692 | H9: =H10-H19-H27-H28-H36-H37-H44-H45 -> 0.92332628 | M9: =M10-M19-M27-M28-M36-M37-M44-M45 -> 0.92142742 | R9: =R10-R19-R27-R28-R36-R37-R44-R45 -> 0.93957233 | W9: =W10-W19-W27-W28-W36-W37-W44-W45 -> 0.93957233 | AB9: =AB10-AB19-AB27-AB28-AB36-AB37-AB44-AB45 -> 0.93957233 | AG9: =AG10-AG19-AG27-AG28-AG36-AG37-AG44-AG45 -> 0.93957233 | AL9: =AL10-AL19-AL27-AL28-AL36-AL37-AL44-AL45 -> 0.93957233 | AQ9: =AQ10-AQ19-AQ27-AQ28-AQ36-AQ37-AQ44-AQ45 -> 0.93957233 | AV9: =AV10-AV19-AV27-AV28-AV36-AV37-AV44-AV45 -> 0.93957233 | BA9: =BA10-BA19-BA27-BA28-BA36-BA37-BA44-BA45 -> 0.93957233 | BF9: =BF10-BF19-BF27-BF28-BF36-BF37-BF44-BF45 -> 0.93957233 | BK9: =BK10-BK19-BK27-BK28-BK36-BK37-BK44-BK45 -> 0.93957233 | BP9: =BP10-BP19-BP27-BP28-BP36-BP37-BP44-BP45 -> 0.93957233
A10: 屏体良率 | B10: =B9+B19+B27+B28+B36+B37+B44+B45 -> 0.9370339 | C10: =C9+C19+C27+C28+C36+C37+C44+C45 -> 0.92069986 | D10: =D9+D19+D27+D28+D36+D37+D44+D45 -> 0.93348692 | H10: =(H12+H21+H30+H39)*99.94%-3 -> 0.92332628 | M10: =(M12+M21+M30+M39)*99.94%-3 -> 0.92142742 | R10: =(R12+R21+R30+R39)*99.94%-3 -> 0.93957233 | W10: =(W12+W21+W30+W39)*99.94%-3 -> 0.93957233 | AB10: =(AB12+AB21+AB30+AB39)*99.94%-3 -> 0.93957233 | AG10: =(AG12+AG21+AG30+AG39)*99.94%-3 -> 0.93957233 | AL10: =(AL12+AL21+AL30+AL39)*99.94%-3 -> 0.93957233 | AQ10: =(AQ12+AQ21+AQ30+AQ39)*99.94%-3 -> 0.93957233 | AV10: =(AV12+AV21+AV30+AV39)*99.94%-3 -> 0.93957233 | BA10: =(BA12+BA21+BA30+BA39)*99.94%-3 -> 0.93957233 | BF10: =(BF12+BF21+BF30+BF39)*99.94%-3 -> 0.93957233 | BK10: =(BK12+BK21+BK30+BK39)*99.94%-3 -> 0.93957233 | BP10: =(BP12+BP21+BP30+BP39)*99.94%-3 -> 0.93957233
A11: Array | H11: =H12*99.9% -> 0.94329297 | M11: =M12*99.9% -> 0.94638987 | R11: =R12*99.9% -> 0.94668957 | W11: =W12*99.9% -> 0.94668957 | AB11: =AB12*99.9% -> 0.94668957 | AG11: =AG12*99.9% -> 0.94668957 | AL11: =AL12*99.9% -> 0.94668957 | AQ11: =AQ12*99.9% -> 0.94668957 | AV11: =AV12*99.9% -> 0.94668957 | BA11: =BA12*99.9% -> 0.94668957 | BF11: =BF12*99.9% -> 0.94668957 | BK11: =BK12*99.9% -> 0.94668957 | BP11: =BP12*99.9% -> 0.94668957
A12: ARRAY还原入库良率 | B12: =_xlfn.IFNA(VLOOKUP($A12,批次辅助!$A$4:$DC$41,MATCH($A$5&B$4,批次辅助!$A$1:$DC$1,0),0),0) -> 0.94322034 | C12: =_xlfn.IFNA(VLOOKUP($A12,批次辅助!$A$4:$DC$41,MATCH($A$5&C$4,批次辅助!$A$1:$DC$1,0),0),0) -> 0.9442372 | D12: =_xlfn.IFNA(VLOOKUP($A12,批次辅助!$A$4:$DC$41,MATCH($A$5&D$4,批次辅助!$A$1:$DC$1,0),0),0) -> 0.95969644 | H12: =1-SUM(H13:H18) -> 0.9442372 | M12: =1-SUM(M13:M18) -> 0.9473372 | R12: =1-SUM(R13:R18) -> 0.9476372 | W12: =1-SUM(W13:W18) -> 0.9476372 | AB12: =1-SUM(AB13:AB18) -> 0.9476372 | AG12: =1-SUM(AG13:AG18) -> 0.9476372 | AL12: =1-SUM(AL13:AL18) -> 0.9476372 | AQ12: =1-SUM(AQ13:AQ18) -> 0.9476372 | AV12: =1-SUM(AV13:AV18) -> 0.9476372 | BA12: =1-SUM(BA13:BA18) -> 0.9476372 | BF12: =1-SUM(BF13:BF18) -> 0.9476372 | BK12: =1-SUM(BK13:BK18) -> 0.9476372 | BP12: =1-SUM(BP13:BP18) -> 0.9476372
A13: Array_AD | B13: =_xlfn.IFNA(VLOOKUP($A13,批次辅助!$A$4:$DC$41,MATCH($A$5&B$4,批次辅助!$A$1:$DC$1,0),0),0) -> 0.018474576 | C13: =_xlfn.IFNA(VLOOKUP($A13,批次辅助!$A$4:$DC$41,MATCH($A$5&C$4,批次辅助!$A$1:$DC$1,0),0),0) -> 0.019277514 | D13: =_xlfn.IFNA(VLOOKUP($A13,批次辅助!$A$4:$DC$41,MATCH($A$5&D$4,批次辅助!$A$1:$DC$1,0),0),0) -> 0.018999864 | H13: =C13-F13+G13 -> 0.019277514 | M13: =H13-K13+L13 -> 0.019277514 | R13: =M13-P13+Q13 -> 0.019277514 | W13: =R13-U13+V13 -> 0.019277514 | AB13: =W13-Z13+AA13 -> 0.019277514 | AG13: =AB13-AE13+AF13 -> 0.019277514 | AL13: =AG13-AJ13+AK13 -> 0.019277514 | AQ13: =AL13-AO13+AP13 -> 0.019277514 | AV13: =AQ13-AT13+AU13 -> 0.019277514 | BA13: =AV13-AY13+AZ13 -> 0.019277514 | BF13: =BA13-BD13+BE13 -> 0.019277514 | BK13: =BF13-BI13+BJ13 -> 0.019277514 | BP13: =BK13-BN13+BO13 -> 0.019277514
A14: Array_Line | B14: =_xlfn.IFNA(VLOOKUP($A14,批次辅助!$A$4:$DC$41,MATCH($A$5&B$4,批次辅助!$A$1:$DC$1,0),0),0) -> 0.012711864 | C14: =_xlfn.IFNA(VLOOKUP($A14,批次辅助!$A$4:$DC$41,MATCH($A$5&C$4,批次辅助!$A$1:$DC$1,0),0),0) -> 0.0112392 | D14: =_xlfn.IFNA(VLOOKUP($A14,批次辅助!$A$4:$DC$41,MATCH($A$5&D$4,批次辅助!$A$1:$DC$1,0),0),0) -> 0.012549126 | H14: =C14-F14+G14 -> 0.0112392 | M14: =H14-K14+L14 -> 0.0112392 | R14: =M14-P14+Q14 -> 0.0112392 | W14: =R14-U14+V14 -> 0.0112392 | AB14: =W14-Z14+AA14 -> 0.0112392 | AG14: =AB14-AE14+AF14 -> 0.0112392 | AL14: =AG14-AJ14+AK14 -> 0.0112392 | AQ14: =AL14-AO14+AP14 -> 0.0112392 | AV14: =AQ14-AT14+AU14 -> 0.0112392 | BA14: =AV14-AY14+AZ14 -> 0.0112392 | BF14: =BA14-BD14+BE14 -> 0.0112392 | BK14: =BF14-BI14+BJ14 -> 0.0112392 | BP14: =BK14-BN14+BO14 -> 0.0112392
A15: Array_Mura | B15: =_xlfn.IFNA(VLOOKUP($A15,批次辅助!$A$4:$DC$41,MATCH($A$5&B$4,批次辅助!$A$1:$DC$1,0),0),0) -> 0.0034745763 | C15: =_xlfn.IFNA(VLOOKUP($A15,批次辅助!$A$4:$DC$41,MATCH($A$5&C$4,批次辅助!$A$1:$DC$1,0),0),0) -> 0.0022622801 | D15: =_xlfn.IFNA(VLOOKUP($A15,批次辅助!$A$4:$DC$41,MATCH($A$5&D$4,批次辅助!$A$1:$DC$1,0),0),0) -> 0.0015178208 | E15: 孔区环状Mura 2/7批次受单lot影响，1D400已禁Run@2/7，本批次预计改善~0.1% | H15: =C15-F15+G15 -> 0.0022622801 | M15: =H15-K15+L15 -> 0.0022622801 | O15: 孔区环状Mura 2/7批次受单lot影响，1D400已禁Run@2/7，本批次预计改善~0.03% | P15: 0.0003 | R15: =M15-P15+Q15 -> 0.0019622801 | W15: =R15-U15+V15 -> 0.0019622801 | AB15: =W15-Z15+AA15 -> 0.0019622801 | AG15: =AB15-AE15+AF15 -> 0.0019622801 | AL15: =AG15-AJ15+AK15 -> 0.0019622801 | AQ15: =AL15-AO15+AP15 -> 0.0019622801 | AV15: =AQ15-AT15+AU15 -> 0.0019622801 | BA15: =AV15-AY15+AZ15 -> 0.0019622801 | BF15: =BA15-BD15+BE15 -> 0.0019622801 | BK15: =BF15-BI15+BJ15 -> 0.0019622801 | BP15: =BK15-BN15+BO15 -> 0.0019622801
A16: Array_Pixel | B16: =_xlfn.IFNA(VLOOKUP($A16,批次辅助!$A$4:$DC$41,MATCH($A$5&B$4,批次辅助!$A$1:$DC$1,0),0),0) -> 0.015677966 | C16: =_xlfn.IFNA(VLOOKUP($A16,批次辅助!$A$4:$DC$41,MATCH($A$5&C$4,批次辅助!$A$1:$DC$1,0),0),0) -> 0.020192053 | D16: =_xlfn.IFNA(VLOOKUP($A16,批次辅助!$A$4:$DC$41,MATCH($A$5&D$4,批次辅助!$A$1:$DC$1,0),0),0) -> 0.0037945521 | E16: 暗点恶化0.11%，IGZO断线，设备禁Run G3亮点恶化0.2%为点放验证，VTH负偏，设备最优路线生产 | H16: =C16-F16+G16 -> 0.020192053 | J16: 暗点&G3亮点止血 | K16: 0.0031 | M16: =H16-K16+L16 -> 0.017092053 | R16: =M16-P16+Q16 -> 0.017092053 | W16: =R16-U16+V16 -> 0.017092053 | AB16: =W16-Z16+AA16 -> 0.017092053 | AG16: =AB16-AE16+AF16 -> 0.017092053 | AL16: =AG16-AJ16+AK16 -> 0.017092053 | AQ16: =AL16-AO16+AP16 -> 0.017092053 | AV16: =AQ16-AT16+AU16 -> 0.017092053 | BA16: =AV16-AY16+AZ16 -> 0.017092053 | BF16: =BA16-BD16+BE16 -> 0.017092053 | BK16: =BF16-BI16+BJ16 -> 0.017092053 | BP16: =BK16-BN16+BO16 -> 0.017092053
A17: ARRAY_RS查杀 | B17: =_xlfn.IFNA(VLOOKUP($A17,批次辅助!$A$4:$DC$41,MATCH($A$5&B$4,批次辅助!$A$1:$DC$1,0),0),0) -> 0.0040677966 | C17: =_xlfn.IFNA(VLOOKUP($A17,批次辅助!$A$4:$DC$41,MATCH($A$5&C$4,批次辅助!$A$1:$DC$1,0),0),0) -> 0.0024066809 | D17: =_xlfn.IFNA(VLOOKUP($A17,批次辅助!$A$4:$DC$41,MATCH($A$5&D$4,批次辅助!$A$1:$DC$1,0),0),0) -> 0.003360889 | H17: =C17-F17+G17 -> 0.0024066809 | M17: =H17-K17+L17 -> 0.0024066809 | R17: =M17-P17+Q17 -> 0.0024066809 | W17: =R17-U17+V17 -> 0.0024066809 | AB17: =W17-Z17+AA17 -> 0.0024066809 | AG17: =AB17-AE17+AF17 -> 0.0024066809 | AL17: =AG17-AJ17+AK17 -> 0.0024066809 | AQ17: =AL17-AO17+AP17 -> 0.0024066809 | AV17: =AQ17-AT17+AU17 -> 0.0024066809 | BA17: =AV17-AY17+AZ17 -> 0.0024066809 | BF17: =BA17-BD17+BE17 -> 0.0024066809 | BK17: =BF17-BI17+BJ17 -> 0.0024066809 | BP17: =BK17-BN17+BO17 -> 0.0024066809
A18: ARRAY其他 | B18: =_xlfn.IFNA(VLOOKUP($A18,批次辅助!$A$4:$DC$41,MATCH($A$5&B$4,批次辅助!$A$1:$DC$1,0),0),0) -> 0.0023728814 | C18: =_xlfn.IFNA(VLOOKUP($A18,批次辅助!$A$4:$DC$41,MATCH($A$5&C$4,批次辅助!$A$1:$DC$1,0),0),0) -> 0.00038506895 | D18: =_xlfn.IFNA(VLOOKUP($A18,批次辅助!$A$4:$DC$41,MATCH($A$5&D$4,批次辅助!$A$1:$DC$1,0),0),0) -> 8.1311831e-05 | H18: =C18-F18+G18 -> 0.00038506895 | M18: =H18-K18+L18 -> 0.00038506895 | R18: =M18-P18+Q18 -> 0.00038506895 | W18: =R18-U18+V18 -> 0.00038506895 | AB18: =W18-Z18+AA18 -> 0.00038506895 | AG18: =AB18-AE18+AF18 -> 0.00038506895 | AL18: =AG18-AJ18+AK18 -> 0.00038506895 | AQ18: =AL18-AO18+AP18 -> 0.00038506895 | AV18: =AQ18-AT18+AU18 -> 0.00038506895 | BA18: =AV18-AY18+AZ18 -> 0.00038506895 | BF18: =BA18-BD18+BE18 -> 0.00038506895 | BK18: =BF18-BI18+BJ18 -> 0.00038506895 | BP18: =BK18-BN18+BO18 -> 0.00038506895
A19: 风险品（Array） | B19: =_xlfn.IFNA(VLOOKUP($A19,批次辅助!$A$4:$DC$41,MATCH($A$5&B$4,批次辅助!$A$1:$DC$1,0),0),0) -> 0 | C19: =_xlfn.IFNA(VLOOKUP($A19,批次辅助!$A$4:$DC$41,MATCH($A$5&C$4,批次辅助!$A$1:$DC$1,0),0),0) -> 0 | D19: =_xlfn.IFNA(VLOOKUP($A19,批次辅助!$A$4:$DC$41,MATCH($A$5&D$4,批次辅助!$A$1:$DC$1,0),0),0) -> 0 | H19: =C19-F19+G19 -> 0 | M19: =H19-K19+L19 -> 0 | R19: =M19-P19+Q19 -> 0 | T19: 无Pin ESD | U19: =Q19 -> 0 | W19: =R19-U19+V19 -> 0 | AB19: =W19-Z19+AA19 -> 0 | AG19: =AB19-AE19+AF19 -> 0 | AL19: =AG19-AJ19+AK19 -> 0 | AQ19: =AL19-AO19+AP19 -> 0 | AV19: =AQ19-AT19+AU19 -> 0 | BA19: =AV19-AY19+AZ19 -> 0 | BF19: =BA19-BD19+BE19 -> 0 | BK19: =BF19-BI19+BJ19 -> 0 | BP19: =BK19-BN19+BO19 -> 0
A20: OLED | H20: =H21*99.9% -> 0.9958504 | M20: =M21*99.9% -> 0.9958504 | R20: =R21*99.9% -> 0.9958504 | W20: =W21*99.9% -> 0.9958504 | AB20: =AB21*99.9% -> 0.9958504 | AG20: =AG21*99.9% -> 0.9958504 | AL20: =AL21*99.9% -> 0.9958504 | AQ20: =AQ21*99.9% -> 0.9958504 | AV20: =AV21*99.9% -> 0.9958504 | BA20: =BA21*99.9% -> 0.9958504 | BF20: =BF21*99.9% -> 0.9958504 | BK20: =BK21*99.9% -> 0.9958504 | BP20: =BP21*99.9% -> 0.9958504
A21: OLED还原入库良率 | B21: =_xlfn.IFNA(VLOOKUP($A21,批次辅助!$A$4:$DC$41,MATCH($A$5&B$4,批次辅助!$A$1:$DC$1,0),0),0) -> 0.99720339 | C21: =_xlfn.IFNA(VLOOKUP($A21,批次辅助!$A$4:$DC$41,MATCH($A$5&C$4,批次辅助!$A$1:$DC$1,0),0),0) -> 0.99684725 | D21: =_xlfn.IFNA(VLOOKUP($A21,批次辅助!$A$4:$DC$41,MATCH($A$5&D$4,批次辅助!$A$1:$DC$1,0),0),0) -> 0.99644938 | H21: =1-SUM(H22:H26) -> 0.99684725 | M21: =1-SUM(M22:M26) -> 0.99684725 | R21: =1-SUM(R22:R26) -> 0.99684725 | W21: =1-SUM(W22:W26) -> 0.99684725 | AB21: =1-SUM(AB22:AB26) -> 0.99684725 | AG21: =1-SUM(AG22:AG26) -> 0.99684725 | AL21: =1-SUM(AL22:AL26) -> 0.99684725 | AQ21: =1-SUM(AQ22:AQ26) -> 0.99684725 | AV21: =1-SUM(AV22:AV26) -> 0.99684725 | BA21: =1-SUM(BA22:BA26) -> 0.99684725 | BF21: =1-SUM(BF22:BF26) -> 0.99684725 | BK21: =1-SUM(BK22:BK26) -> 0.99684725 | BP21: =1-SUM(BP22:BP26) -> 0.99684725
A22: OLED_Mura | B22: =_xlfn.IFNA(VLOOKUP($A22,批次辅助!$A$4:$DC$41,MATCH($A$5&B$4,批次辅助!$A$1:$DC$1,0),0),0) -> 8.4745763e-05 | C22: =_xlfn.IFNA(VLOOKUP($A22,批次辅助!$A$4:$DC$41,MATCH($A$5&C$4,批次辅助!$A$1:$DC$1,0),0),0) -> 0.00055353662 | D22: =_xlfn.IFNA(VLOOKUP($A22,批次辅助!$A$4:$DC$41,MATCH($A$5&D$4,批次辅助!$A$1:$DC$1,0),0),0) -> 0.00018972761 | H22: =C22-F22+G22 -> 0.00055353662 | M22: =H22-K22+L22 -> 0.00055353662 | R22: =M22-P22+Q22 -> 0.00055353662 | W22: =R22-U22+V22 -> 0.00055353662 | Y22: / | AB22: =W22-Z22+AA22 -> 0.00055353662 | AD22: / | AG22: =AB22-AE22+AF22 -> 0.00055353662 | AI22: / | AL22: =AG22-AJ22+AK22 -> 0.00055353662 | AN22: / | AQ22: =AL22-AO22+AP22 -> 0.00055353662 | AS22: / | AV22: =AQ22-AT22+AU22 -> 0.00055353662 | AX22: / | BA22: =AV22-AY22+AZ22 -> 0.00055353662 | BC22: / | BF22: =BA22-BD22+BE22 -> 0.00055353662 | BH22: / | BK22: =BF22-BI22+BJ22 -> 0.00055353662 | BM22: / | BP22: =BK22-BN22+BO22 -> 0.00055353662
A23: OLED_RS查杀 | B23: =_xlfn.IFNA(VLOOKUP($A23,批次辅助!$A$4:$DC$41,MATCH($A$5&B$4,批次辅助!$A$1:$DC$1,0),0),0) -> 0.0011016949 | C23: =_xlfn.IFNA(VLOOKUP($A23,批次辅助!$A$4:$DC$41,MATCH($A$5&C$4,批次辅助!$A$1:$DC$1,0),0),0) -> 0.0012755409 | D23: =_xlfn.IFNA(VLOOKUP($A23,批次辅助!$A$4:$DC$41,MATCH($A$5&D$4,批次辅助!$A$1:$DC$1,0),0),0) -> 0.0026290825 | H23: =C23-F23+G23 -> 0.0012755409 | M23: =H23-K23+L23 -> 0.0012755409 | R23: =M23-P23+Q23 -> 0.0012755409 | T23: / | W23: =R23-U23+V23 -> 0.0012755409 | Y23: / | AB23: =W23-Z23+AA23 -> 0.0012755409 | AD23: / | AG23: =AB23-AE23+AF23 -> 0.0012755409 | AI23: / | AL23: =AG23-AJ23+AK23 -> 0.0012755409 | AN23: / | AQ23: =AL23-AO23+AP23 -> 0.0012755409 | AS23: / | AV23: =AQ23-AT23+AU23 -> 0.0012755409 | AX23: / | BA23: =AV23-AY23+AZ23 -> 0.0012755409 | BC23: / | BF23: =BA23-BD23+BE23 -> 0.0012755409 | BH23: / | BK23: =BF23-BI23+BJ23 -> 0.0012755409 | BM23: / | BP23: =BK23-BN23+BO23 -> 0.0012755409
A24: OLED_色偏 | B24: =_xlfn.IFNA(VLOOKUP($A24,批次辅助!$A$4:$DC$41,MATCH($A$5&B$4,批次辅助!$A$1:$DC$1,0),0),0) -> 0 | C24: =_xlfn.IFNA(VLOOKUP($A24,批次辅助!$A$4:$DC$41,MATCH($A$5&C$4,批次辅助!$A$1:$DC$1,0),0),0) -> 4.8133619e-05 | D24: =_xlfn.IFNA(VLOOKUP($A24,批次辅助!$A$4:$DC$41,MATCH($A$5&D$4,批次辅助!$A$1:$DC$1,0),0),0) -> 0 | H24: =C24-F24+G24 -> 4.8133619e-05 | M24: =H24-K24+L24 -> 4.8133619e-05 | R24: =M24-P24+Q24 -> 4.8133619e-05 | T24: / | W24: =R24-U24+V24 -> 4.8133619e-05 | Y24: / | AB24: =W24-Z24+AA24 -> 4.8133619e-05 | AD24: / | AG24: =AB24-AE24+AF24 -> 4.8133619e-05 | AI24: / | AL24: =AG24-AJ24+AK24 -> 4.8133619e-05 | AN24: / | AQ24: =AL24-AO24+AP24 -> 4.8133619e-05 | AS24: / | AV24: =AQ24-AT24+AU24 -> 4.8133619e-05 | AX24: / | BA24: =AV24-AY24+AZ24 -> 4.8133619e-05 | BC24: / | BF24: =BA24-BD24+BE24 -> 4.8133619e-05 | BH24: / | BK24: =BF24-BI24+BJ24 -> 4.8133619e-05 | BM24: / | BP24: =BK24-BN24+BO24 -> 4.8133619e-05
A25: OLED其他 | B25: =_xlfn.IFNA(VLOOKUP($A25,批次辅助!$A$4:$DC$41,MATCH($A$5&B$4,批次辅助!$A$1:$DC$1,0),0),0) -> 0.0016101695 | C25: =_xlfn.IFNA(VLOOKUP($A25,批次辅助!$A$4:$DC$41,MATCH($A$5&C$4,批次辅助!$A$1:$DC$1,0),0),0) -> 0.0012755409 | D25: =_xlfn.IFNA(VLOOKUP($A25,批次辅助!$A$4:$DC$41,MATCH($A$5&D$4,批次辅助!$A$1:$DC$1,0),0),0) -> 0.00073180648 | E25: 无MTP NG | H25: =C25-F25+G25 -> 0.0012755409 | M25: =H25-K25+L25 -> 0.0012755409 | R25: =M25-P25+Q25 -> 0.0012755409 | W25: =R25-U25+V25 -> 0.0012755409 | AB25: =W25-Z25+AA25 -> 0.0012755409 | AG25: =AB25-AE25+AF25 -> 0.0012755409 | AL25: =AG25-AJ25+AK25 -> 0.0012755409 | AQ25: =AL25-AO25+AP25 -> 0.0012755409 | AV25: =AQ25-AT25+AU25 -> 0.0012755409 | BA25: =AV25-AY25+AZ25 -> 0.0012755409 | BF25: =BA25-BD25+BE25 -> 0.0012755409 | BK25: =BF25-BI25+BJ25 -> 0.0012755409 | BP25: =BK25-BN25+BO25 -> 0.0012755409
A26: OLED_开发责 | B26: =_xlfn.IFNA(VLOOKUP($A26,批次辅助!$A$4:$DC$41,MATCH($A$5&B$4,批次辅助!$A$1:$DC$1,0),0),0) -> 0 | C26: =_xlfn.IFNA(VLOOKUP($A26,批次辅助!$A$4:$DC$41,MATCH($A$5&C$4,批次辅助!$A$1:$DC$1,0),0),0) -> 0 | D26: =_xlfn.IFNA(VLOOKUP($A26,批次辅助!$A$4:$DC$41,MATCH($A$5&D$4,批次辅助!$A$1:$DC$1,0),0),0) -> 0 | H26: =C26-F26+G26 -> 0 | M26: =H26-K26+L26 -> 0 | R26: =M26-P26+Q26 -> 0 | W26: =R26-U26+V26 -> 0 | AB26: =W26-Z26+AA26 -> 0 | AG26: =AB26-AE26+AF26 -> 0 | AL26: =AG26-AJ26+AK26 -> 0 | AQ26: =AL26-AO26+AP26 -> 0 | AV26: =AQ26-AT26+AU26 -> 0 | BA26: =AV26-AY26+AZ26 -> 0 | BF26: =BA26-BD26+BE26 -> 0 | BK26: =BF26-BI26+BJ26 -> 0 | BP26: =BK26-BN26+BO26 -> 0
A27: 风险品（OLED) | B27: =_xlfn.IFNA(VLOOKUP($A27,批次辅助!$A$4:$DC$41,MATCH($A$5&B$4,批次辅助!$A$1:$DC$1,0),0),0) -> 0 | C27: =_xlfn.IFNA(VLOOKUP($A27,批次辅助!$A$4:$DC$41,MATCH($A$5&C$4,批次辅助!$A$1:$DC$1,0),0),0) -> 0 | D27: =_xlfn.IFNA(VLOOKUP($A27,批次辅助!$A$4:$DC$41,MATCH($A$5&D$4,批次辅助!$A$1:$DC$1,0),0),0) -> 0 | H27: =C27-F27+G27 -> 0 | M27: =H27-K27+L27 -> 0 | R27: =M27-P27+Q27 -> 0 | W27: =R27-U27+V27 -> 0 | AB27: =W27-Z27+AA27 -> 0 | AG27: =AB27-AE27+AF27 -> 0 | AL27: =AG27-AJ27+AK27 -> 0 | AQ27: =AL27-AO27+AP27 -> 0 | AV27: =AQ27-AT27+AU27 -> 0 | BA27: =AV27-AY27+AZ27 -> 0 | BF27: =BA27-BD27+BE27 -> 0 | BK27: =BF27-BI27+BJ27 -> 0 | BP27: =BK27-BN27+BO27 -> 0
A28: 风险品（ 未分责）
A29: TP屏体 | H29: =H30*99.96% -> 0.98550249 | M29: =M30*99.96% -> 0.98050449 | R29: =R30*99.96% -> 0.99835315 | W29: =W30*99.96% -> 0.99835315 | AB29: =AB30*99.96% -> 0.99835315 | AG29: =AG30*99.96% -> 0.99835315 | AL29: =AL30*99.96% -> 0.99835315 | AQ29: =AQ30*99.96% -> 0.99835315 | AV29: =AV30*99.96% -> 0.99835315 | BA29: =BA30*99.96% -> 0.99835315 | BF29: =BF30*99.96% -> 0.99835315 | BK29: =BK30*99.96% -> 0.99835315 | BP29: =BP30*99.96% -> 0.99835315
A30: TP还原入库良率 | B30: =_xlfn.IFNA(VLOOKUP($A30,批次辅助!$A$4:$DC$41,MATCH($A$5&B$4,批次辅助!$A$1:$DC$1,0),0),0) -> 0.99881356 | C30: =_xlfn.IFNA(VLOOKUP($A30,批次辅助!$A$4:$DC$41,MATCH($A$5&C$4,批次辅助!$A$1:$DC$1,0),0),0) -> 0.98589685 | D30: =_xlfn.IFNA(VLOOKUP($A30,批次辅助!$A$4:$DC$41,MATCH($A$5&D$4,批次辅助!$A$1:$DC$1,0),0),0) -> 0.9780187 | H30: =1-SUM(H31:H35) -> 0.98589685 | M30: =1-SUM(M31:M35) -> 0.98089685 | R30: =1-SUM(R31:R35) -> 0.99875265 | W30: =1-SUM(W31:W35) -> 0.99875265 | AB30: =1-SUM(AB31:AB35) -> 0.99875265 | AG30: =1-SUM(AG31:AG35) -> 0.99875265 | AL30: =1-SUM(AL31:AL35) -> 0.99875265 | AQ30: =1-SUM(AQ31:AQ35) -> 0.99875265 | AV30: =1-SUM(AV31:AV35) -> 0.99875265 | BA30: =1-SUM(BA31:BA35) -> 0.99875265 | BF30: =1-SUM(BF31:BF35) -> 0.99875265 | BK30: =1-SUM(BK31:BK35) -> 0.99875265 | BP30: =1-SUM(BP31:BP35) -> 0.99875265
A31: TP_NG | B31: =_xlfn.IFNA(VLOOKUP($A31,批次辅助!$A$4:$DC$41,MATCH($A$5&B$4,批次辅助!$A$1:$DC$1,0),0),0) -> 0 | C31: =_xlfn.IFNA(VLOOKUP($A31,批次辅助!$A$4:$DC$41,MATCH($A$5&C$4,批次辅助!$A$1:$DC$1,0),0),0) -> 0 | D31: =_xlfn.IFNA(VLOOKUP($A31,批次辅助!$A$4:$DC$41,MATCH($A$5&D$4,批次辅助!$A$1:$DC$1,0),0),0) -> 0 | H31: =C31-F31+G31 -> 0 | M31: =H31-K31+L31 -> 0 | O31: / | R31: =M31-P31+Q31 -> 0 | T31: / | W31: =R31-U31+V31 -> 0 | Y31: / | AB31: =W31-Z31+AA31 -> 0 | AD31: / | AG31: =AB31-AE31+AF31 -> 0 | AI31: / | AL31: =AG31-AJ31+AK31 -> 0 | AN31: / | AQ31: =AL31-AO31+AP31 -> 0 | AS31: / | AV31: =AQ31-AT31+AU31 -> 0 | AX31: / | BA31: =AV31-AY31+AZ31 -> 0 | BC31: / | BF31: =BA31-BD31+BE31 -> 0 | BH31: / | BK31: =BF31-BI31+BJ31 -> 0 | BM31: / | BP31: =BK31-BN31+BO31 -> 0
A32: TP_Short NG | B32: =_xlfn.IFNA(VLOOKUP($A32,批次辅助!$A$4:$DC$41,MATCH($A$5&B$4,批次辅助!$A$1:$DC$1,0),0),0) -> 0 | C32: =_xlfn.IFNA(VLOOKUP($A32,批次辅助!$A$4:$DC$41,MATCH($A$5&C$4,批次辅助!$A$1:$DC$1,0),0),0) -> 0.011455801 | D32: =_xlfn.IFNA(VLOOKUP($A32,批次辅助!$A$4:$DC$41,MATCH($A$5&D$4,批次辅助!$A$1:$DC$1,0),0),0) -> 0.021981298 | E32: 五氟一烷混Run | H32: =C32-F32+G32 -> 0.011455801 | J32: 五氟一烷混Run | L32: 0.005 | M32: =H32-K32+L32 -> 0.016455801 | O32: 禁Run | P32: =M32 -> 0.016455801 | R32: =M32-P32+Q32 -> 0 | W32: =R32-U32+V32 -> 0 | AB32: =W32-Z32+AA32 -> 0 | AG32: =AB32-AE32+AF32 -> 0 | AL32: =AG32-AJ32+AK32 -> 0 | AQ32: =AL32-AO32+AP32 -> 0 | AV32: =AQ32-AT32+AU32 -> 0 | BA32: =AV32-AY32+AZ32 -> 0 | BF32: =BA32-BD32+BE32 -> 0 | BK32: =BF32-BI32+BJ32 -> 0 | BP32: =BK32-BN32+BO32 -> 0
A33: TP 容值NG | B33: =_xlfn.IFNA(VLOOKUP($A33,批次辅助!$A$4:$DC$41,MATCH($A$5&B$4,批次辅助!$A$1:$DC$1,0),0),0) -> 0.0011864407 | C33: =_xlfn.IFNA(VLOOKUP($A33,批次辅助!$A$4:$DC$41,MATCH($A$5&C$4,批次辅助!$A$1:$DC$1,0),0),0) -> 0.0026232822 | D33: =_xlfn.IFNA(VLOOKUP($A33,批次辅助!$A$4:$DC$41,MATCH($A$5&D$4,批次辅助!$A$1:$DC$1,0),0),0) -> 0 | E33: TP复测NG 恶化 0.14% | H33: =C33-F33+G33 -> 0.0026232822 | M33: =H33-K33+L33 -> 0.0026232822 | P33: 0.0014 | R33: =M33-P33+Q33 -> 0.0012232822 | W33: =R33-U33+V33 -> 0.0012232822 | AB33: =W33-Z33+AA33 -> 0.0012232822 | AG33: =AB33-AE33+AF33 -> 0.0012232822 | AL33: =AG33-AJ33+AK33 -> 0.0012232822 | AQ33: =AL33-AO33+AP33 -> 0.0012232822 | AV33: =AQ33-AT33+AU33 -> 0.0012232822 | BA33: =AV33-AY33+AZ33 -> 0.0012232822 | BF33: =BA33-BD33+BE33 -> 0.0012232822 | BK33: =BF33-BI33+BJ33 -> 0.0012232822 | BP33: =BK33-BN33+BO33 -> 0.0012232822
A34: TP_RS查杀 | B34: =_xlfn.IFNA(VLOOKUP($A34,批次辅助!$A$4:$DC$41,MATCH($A$5&B$4,批次辅助!$A$1:$DC$1,0),0),0) -> 0 | C34: =_xlfn.IFNA(VLOOKUP($A34,批次辅助!$A$4:$DC$41,MATCH($A$5&C$4,批次辅助!$A$1:$DC$1,0),0),0) -> 2.4066809e-05 | D34: =_xlfn.IFNA(VLOOKUP($A34,批次辅助!$A$4:$DC$41,MATCH($A$5&D$4,批次辅助!$A$1:$DC$1,0),0),0) -> 0 | H34: =C34-F34+G34 -> 2.4066809e-05 | M34: =H34-K34+L34 -> 2.4066809e-05 | O34: / | R34: =M34-P34+Q34 -> 2.4066809e-05 | T34: / | W34: =R34-U34+V34 -> 2.4066809e-05 | Y34: / | AB34: =W34-Z34+AA34 -> 2.4066809e-05 | AD34: / | AG34: =AB34-AE34+AF34 -> 2.4066809e-05 | AI34: / | AL34: =AG34-AJ34+AK34 -> 2.4066809e-05 | AN34: / | AQ34: =AL34-AO34+AP34 -> 2.4066809e-05 | AS34: / | AV34: =AQ34-AT34+AU34 -> 2.4066809e-05 | AX34: / | BA34: =AV34-AY34+AZ34 -> 2.4066809e-05 | BC34: / | BF34: =BA34-BD34+BE34 -> 2.4066809e-05 | BH34: / | BK34: =BF34-BI34+BJ34 -> 2.4066809e-05 | BM34: / | BP34: =BK34-BN34+BO34 -> 2.4066809e-05
A35: TP其他 | B35: =_xlfn.IFNA(VLOOKUP($A35,批次辅助!$A$4:$DC$41,MATCH($A$5&B$4,批次辅助!$A$1:$DC$1,0),0),0) -> 0 | C35: =_xlfn.IFNA(VLOOKUP($A35,批次辅助!$A$4:$DC$41,MATCH($A$5&C$4,批次辅助!$A$1:$DC$1,0),0),0) -> 0 | D35: =_xlfn.IFNA(VLOOKUP($A35,批次辅助!$A$4:$DC$41,MATCH($A$5&D$4,批次辅助!$A$1:$DC$1,0),0),0) -> 0 | H35: =C35-F35+G35 -> 0 | M35: =H35-K35+L35 -> 0 | O35: / | R35: =M35-P35+Q35 -> 0 | T35: / | W35: =R35-U35+V35 -> 0 | Y35: / | AB35: =W35-Z35+AA35 -> 0 | AD35: / | AG35: =AB35-AE35+AF35 -> 0 | AI35: / | AL35: =AG35-AJ35+AK35 -> 0 | AN35: / | AQ35: =AL35-AO35+AP35 -> 0 | AS35: / | AV35: =AQ35-AT35+AU35 -> 0 | AX35: / | BA35: =AV35-AY35+AZ35 -> 0 | BC35: / | BF35: =BA35-BD35+BE35 -> 0 | BH35: / | BK35: =BF35-BI35+BJ35 -> 0 | BM35: / | BP35: =BK35-BN35+BO35 -> 0
A36: 风险品（TP) | B36: =_xlfn.IFNA(VLOOKUP($A36,批次辅助!$A$4:$DC$41,MATCH($A$5&B$4,批次辅助!$A$1:$DC$1,0),0),0) -> 0 | C36: =_xlfn.IFNA(VLOOKUP($A36,批次辅助!$A$4:$DC$41,MATCH($A$5&C$4,批次辅助!$A$1:$DC$1,0),0),0) -> 0 | D36: =_xlfn.IFNA(VLOOKUP($A36,批次辅助!$A$4:$DC$41,MATCH($A$5&D$4,批次辅助!$A$1:$DC$1,0),0),0) -> 0 | H36: =C36-F36+G36 -> 0 | M36: =H36-K36+L36 -> 0 | R36: =M36-P36+Q36 -> 0 | W36: =R36-U36+V36 -> 0 | AB36: =W36-Z36+AA36 -> 0 | AG36: =AB36-AE36+AF36 -> 0 | AL36: =AG36-AJ36+AK36 -> 0 | AQ36: =AL36-AO36+AP36 -> 0 | AV36: =AQ36-AT36+AU36 -> 0 | BA36: =AV36-AY36+AZ36 -> 0 | BF36: =BA36-BD36+BE36 -> 0 | BK36: =BF36-BI36+BJ36 -> 0 | BP36: =BK36-BN36+BO36 -> 0
A37: 风险品（ 未分责）
A38: 屏体良率 | H38: =H39 -> 0.99870039 | M38: =M39 -> 0.99870039 | R38: =R39 -> 0.99870039 | W38: =W39 -> 0.99870039 | AB38: =AB39 -> 0.99870039 | AG38: =AG39 -> 0.99870039 | AL38: =AL39 -> 0.99870039 | AQ38: =AQ39 -> 0.99870039 | AV38: =AV39 -> 0.99870039 | BA38: =BA39 -> 0.99870039 | BF38: =BF39 -> 0.99870039 | BK38: =BK39 -> 0.99870039 | BP38: =BP39 -> 0.99870039
A39: 屏体还原入库良率 | B39: =_xlfn.IFNA(VLOOKUP($A39,批次辅助!$A$4:$DC$41,MATCH($A$5&B$4,批次辅助!$A$1:$DC$1,0),0),0) -> 0.9979661 | C39: =_xlfn.IFNA(VLOOKUP($A39,批次辅助!$A$4:$DC$41,MATCH($A$5&C$4,批次辅助!$A$1:$DC$1,0),0),0) -> 0.99889293 | D39: =_xlfn.IFNA(VLOOKUP($A39,批次辅助!$A$4:$DC$41,MATCH($A$5&D$4,批次辅助!$A$1:$DC$1,0),0),0) -> 0.99943082 | H39: =1-SUM(H40:H43) -> 0.99870039 | M39: =1-SUM(M40:M43) -> 0.99870039 | R39: =1-SUM(R40:R43) -> 0.99870039 | W39: =1-SUM(W40:W43) -> 0.99870039 | AB39: =1-SUM(AB40:AB43) -> 0.99870039 | AG39: =1-SUM(AG40:AG43) -> 0.99870039 | AL39: =1-SUM(AL40:AL43) -> 0.99870039 | AQ39: =1-SUM(AQ40:AQ43) -> 0.99870039 | AV39: =1-SUM(AV40:AV43) -> 0.99870039 | BA39: =1-SUM(BA40:BA43) -> 0.99870039 | BF39: =1-SUM(BF40:BF43) -> 0.99870039 | BK39: =1-SUM(BK40:BK43) -> 0.99870039 | BP39: =1-SUM(BP40:BP43) -> 0.99870039
A40: 检测技术部 | B40: =_xlfn.IFNA(VLOOKUP($A40,批次辅助!$A$4:$DC$41,MATCH($A$5&B$4,批次辅助!$A$1:$DC$1,0),0),0) -> 0 | C40: =_xlfn.IFNA(VLOOKUP($A40,批次辅助!$A$4:$DC$41,MATCH($A$5&C$4,批次辅助!$A$1:$DC$1,0),0),0) -> 0.00024066809 | D40: =_xlfn.IFNA(VLOOKUP($A40,批次辅助!$A$4:$DC$41,MATCH($A$5&D$4,批次辅助!$A$1:$DC$1,0),0),0) -> 0 | H40: =C40-F40+G40 -> 0.00024066809 | M40: =H40-K40+L40 -> 0.00024066809 | O40: / | R40: =M40-P40+Q40 -> 0.00024066809 | T40: / | W40: =R40-U40+V40 -> 0.00024066809 | Y40: / | AB40: =W40-Z40+AA40 -> 0.00024066809 | AD40: / | AG40: =AB40-AE40+AF40 -> 0.00024066809 | AI40: / | AL40: =AG40-AJ40+AK40 -> 0.00024066809 | AN40: / | AQ40: =AL40-AO40+AP40 -> 0.00024066809 | AS40: / | AV40: =AQ40-AT40+AU40 -> 0.00024066809 | AX40: / | BA40: =AV40-AY40+AZ40 -> 0.00024066809 | BC40: / | BF40: =BA40-BD40+BE40 -> 0.00024066809 | BH40: / | BK40: =BF40-BI40+BJ40 -> 0.00024066809 | BM40: / | BP40: =BK40-BN40+BO40 -> 0.00024066809
A41: 屏体技术部 | B41: =_xlfn.IFNA(VLOOKUP($A41,批次辅助!$A$4:$DC$41,MATCH($A$5&B$4,批次辅助!$A$1:$DC$1,0),0),0) -> 0.00076271186 | C41: =_xlfn.IFNA(VLOOKUP($A41,批次辅助!$A$4:$DC$41,MATCH($A$5&C$4,批次辅助!$A$1:$DC$1,0),0),0) -> 0 | D41: =_xlfn.IFNA(VLOOKUP($A41,批次辅助!$A$4:$DC$41,MATCH($A$5&D$4,批次辅助!$A$1:$DC$1,0),0),0) -> 0 | H41: =C41-F41+G41 -> 0 | M41: =H41-K41+L41 -> 0 | O41: / | R41: =M41-P41+Q41 -> 0 | T41: / | W41: =R41-U41+V41 -> 0 | Y41: / | AB41: =W41-Z41+AA41 -> 0 | AD41: / | AG41: =AB41-AE41+AF41 -> 0 | AI41: / | AL41: =AG41-AJ41+AK41 -> 0 | AN41: / | AQ41: =AL41-AO41+AP41 -> 0 | AS41: / | AV41: =AQ41-AT41+AU41 -> 0 | AX41: / | BA41: =AV41-AY41+AZ41 -> 0 | BC41: / | BF41: =BA41-BD41+BE41 -> 0 | BH41: / | BK41: =BF41-BI41+BJ41 -> 0 | BM41: / | BP41: =BK41-BN41+BO41 -> 0
A42: 屏体制造 | B42: =_xlfn.IFNA(VLOOKUP($A42,批次辅助!$A$4:$DC$41,MATCH($A$5&B$4,批次辅助!$A$1:$DC$1,0),0),0) -> 8.4745763e-05 | C42: =_xlfn.IFNA(VLOOKUP($A42,批次辅助!$A$4:$DC$41,MATCH($A$5&C$4,批次辅助!$A$1:$DC$1,0),0),0) -> 0 | D42: =_xlfn.IFNA(VLOOKUP($A42,批次辅助!$A$4:$DC$41,MATCH($A$5&D$4,批次辅助!$A$1:$DC$1,0),0),0) -> 0 | H42: =C42-F42+G42 -> 0 | M42: =H42-K42+L42 -> 0 | O42: / | R42: =M42-P42+Q42 -> 0 | T42: / | W42: =R42-U42+V42 -> 0 | Y42: / | AB42: =W42-Z42+AA42 -> 0 | AD42: / | AG42: =AB42-AE42+AF42 -> 0 | AI42: / | AL42: =AG42-AJ42+AK42 -> 0 | AN42: / | AQ42: =AL42-AO42+AP42 -> 0 | AS42: / | AV42: =AQ42-AT42+AU42 -> 0 | AX42: / | BA42: =AV42-AY42+AZ42 -> 0 | BC42: / | BF42: =BA42-BD42+BE42 -> 0 | BH42: / | BK42: =BF42-BI42+BJ42 -> 0 | BM42: / | BP42: =BK42-BN42+BO42 -> 0
A43: 外观不良 | B43: =_xlfn.IFNA(VLOOKUP($A43,批次辅助!$A$4:$DC$41,MATCH($A$5&B$4,批次辅助!$A$1:$DC$1,0),0),0) -> 0.0011864407 | C43: =_xlfn.IFNA(VLOOKUP($A43,批次辅助!$A$4:$DC$41,MATCH($A$5&C$4,批次辅助!$A$1:$DC$1,0),0),0) -> 0.0010589396 | D43: =_xlfn.IFNA(VLOOKUP($A43,批次辅助!$A$4:$DC$41,MATCH($A$5&D$4,批次辅助!$A$1:$DC$1,0),0),0) -> 0.00056918282 | H43: =C43-F43+G43 -> 0.0010589396 | M43: =H43-K43+L43 -> 0.0010589396 | R43: =M43-P43+Q43 -> 0.0010589396 | W43: =R43-U43+V43 -> 0.0010589396 | AB43: =W43-Z43+AA43 -> 0.0010589396 | AG43: =AB43-AE43+AF43 -> 0.0010589396 | AL43: =AG43-AJ43+AK43 -> 0.0010589396 | AQ43: =AL43-AO43+AP43 -> 0.0010589396 | AV43: =AQ43-AT43+AU43 -> 0.0010589396 | BA43: =AV43-AY43+AZ43 -> 0.0010589396 | BF43: =BA43-BD43+BE43 -> 0.0010589396 | BK43: =BF43-BI43+BJ43 -> 0.0010589396 | BP43: =BK43-BN43+BO43 -> 0.0010589396
A44: 风险品（屏体) | B44: =_xlfn.IFNA(VLOOKUP($A44,批次辅助!$A$4:$DC$41,MATCH($A$5&B$4,批次辅助!$A$1:$DC$1,0),0),0) -> 0 | C44: =_xlfn.IFNA(VLOOKUP($A44,批次辅助!$A$4:$DC$41,MATCH($A$5&C$4,批次辅助!$A$1:$DC$1,0),0),0) -> 0 | D44: =_xlfn.IFNA(VLOOKUP($A44,批次辅助!$A$4:$DC$41,MATCH($A$5&D$4,批次辅助!$A$1:$DC$1,0),0),0) -> 0 | H44: =C44-F44+G44 -> 0 | M44: =H44-K44+L44 -> 0 | R44: =M44-P44+Q44 -> 0 | W44: =R44-U44+V44 -> 0 | AB44: =W44-Z44+AA44 -> 0 | AG44: =AB44-AE44+AF44 -> 0 | AL44: =AG44-AJ44+AK44 -> 0 | AQ44: =AL44-AO44+AP44 -> 0 | AV44: =AQ44-AT44+AU44 -> 0 | BA44: =AV44-AY44+AZ44 -> 0 | BF44: =BA44-BD44+BE44 -> 0 | BK44: =BF44-BI44+BJ44 -> 0 | BP44: =BK44-BN44+BO44 -> 0
A45: 风险品（ 未分责）
A46: 正贡献/负影响合计 | F46: =SUM(F13:F45) -> 0 | G46: =SUM(G13:G45) -> 0 | K46: =SUM(K13:K45) -> 0.0031 | L46: =SUM(L13:L45) -> 0.005 | P46: =SUM(P13:P45) -> 0.018155801 | Q46: =SUM(Q13:Q45) -> 0 | U46: =SUM(U13:U45) -> 0 | V46: =SUM(V13:V45) -> 0 | Z46: =SUM(Z13:Z45) -> 0 | AA46: =SUM(AA13:AA45) -> 0 | AE46: =SUM(AE13:AE45) -> 0 | AF46: =SUM(AF13:AF45) -> 0 | AJ46: =SUM(AJ13:AJ45) -> 0 | AK46: =SUM(AK13:AK45) -> 0 | AO46: =SUM(AO13:AO45) -> 0 | AP46: =SUM(AP13:AP45) -> 0 | AT46: =SUM(AT13:AT45) -> 0 | AU46: =SUM(AU13:AU45) -> 0 | AY46: =SUM(AY13:AY45) -> 0 | AZ46: =SUM(AZ13:AZ45) -> 0 | BD46: =SUM(BD13:BD45) -> 0 | BE46: =SUM(BE13:BE45) -> 0 | BI46: =SUM(BI13:BI45) -> 0 | BJ46: =SUM(BJ13:BJ45) -> 0 | BN46: =SUM(BN13:BN45) -> 0 | BO46: =SUM(BO13:BO45) -> 0
A48: 汇总
A49: 批次汇总/跨月批次数据 | P49: 月加权汇总 | W49: 跨月数据 | Y49: 对应跨月数据上月已生产数据 | Z49: 对应跨月数据上月已生产数据
A50: 预估月 | B50: =E3 -> M02 | C50: =J3 -> M03 | D50: =O3 -> M03 | E50: =T3 -> M04 | F50: =Y3 -> M06 | G50: =AD3 | H50: =AI3 | I50: =AN3 | J50: =AS3 | K50: =AX3 | L50: =BC3 | M50: =BH3 | N50: =BM3 | O50: =P50 -> M03 | P50: M03 | Q50: M04 | R50: M05 | S50: M06 | T50: M07 | W50: 产品型号
A51: 蒸镀批次 | B51: =E4 -> 02/07蒸镀批次 | C51: =J4 -> 02/18蒸镀批次 | D51: =O4 -> 03/07蒸镀批次 | E51: =T4 -> 03/25蒸镀批次 | F51: =Y4 -> 05/21蒸镀批次 | G51: =AD4 | H51: =AI4 | I51: =AN4 | J51: =AS4 | K51: =AX4 | L51: =BC4 | M51: =BH4 | N51: =BM4 | O51: =X51 -> 2/7批 | W51: 批次 | X51: 2/7批 | Y51: =X51 -> 2/7批 | Z51: =X51 -> 2/7批
A52: 蒸镀数量(half） | B52: =E6 -> 418 | C52: =J6 -> 420 | D52: =O6 -> 618 | E52: =T6 -> 1080 | F52: =Y6 -> 1260 | G52: =AD6 -> 0 | H52: =AI6 -> 0 | I52: =AN6 -> 0 | J52: =AS6 -> 0 | K52: =AX6 -> 0 | L52: =AY6 -> 0 | M52: =BH6 -> 0 | N52: =BM6 -> 0 | O52: =_xlfn.IFNA(VLOOKUP(A52,$W$52:$Y$86,2,0),"0%")/A2 -> 55.79 | P52: =SUMIF($B$50:$O$50,P$50,$B52:$O52) -> 1093.79 | Q52: =SUMIF($B$50:$O$50,Q$50,$B52:$O52) -> 1080 | R52: =SUMIF($B$50:$O$50,R$50,$B52:$O52) -> 0 | S52: =SUMIF($B$50:$O$50,S$50,$B52:$O52) -> 1260 | T52: =SUMIF($B$50:$O$50,T$50,$B52:$O52) -> 0 | W52: 蒸镀数量(half） | X52: =Z52-Y52 -> 5579 | Y52: 36221 | Z52: 41800
A53: 计划投入数（half） | B53: =E7 -> 418 | C53: =J7 -> 420 | D53: =O7 -> 618 | E53: =T7 -> 1080 | F53: =Y7 -> 1260 | G53: =AD7 -> 0 | H53: =AI7 -> 0 | I53: =AN7 -> 0 | J53: =AS7 -> 0 | K53: =AX7 -> 0 | L53: =AY7 -> 0 | M53: =BH7 -> 0 | N53: =BM7 -> 0 | O53: =O52 -> 55.79 | P53: =SUMIF($B$50:$O$50,P$50,$B53:$O53) -> 1093.79 | Q53: =SUMIF($B$50:$O$50,Q$50,$B53:$O53) -> 1080 | R53: =SUMIF($B$50:$O$50,R$50,$B53:$O53) -> 0 | S53: =SUMIF($B$50:$O$50,S$50,$B53:$O53) -> 1260 | T53: =SUMIF($B$50:$O$50,T$50,$B53:$O53) -> 0 | W53: 计划投入数（half） | X53: =X52 -> 5579
A54: 批次入库率 | B54: =E8 -> 1 | C54: =J8 -> 1 | D54: =O8 -> 1 | E54: =T8 -> 1 | F54: =Y8 -> 1 | G54: =AD8 -> 0 | H54: =AI8 -> 0 | I54: =AN8 -> 0 | J54: =AS8 -> 0 | K54: =AX8 -> 0 | L54: =AY8 -> 0 | M54: =BH8 -> 0 | N54: =BM8 -> 0 | O54: =_xlfn.IFNA(VLOOKUP(A54,$W$52:$Y$86,2,0),"0%") -> 0% | P54: =IFERROR(P53/P52,0) -> 1 | Q54: =IFERROR(Q53/Q52,0) -> 1 | R54: =IFERROR(R53/R52,0) -> 0 | S54: =IFERROR(S53/S52,0) -> 1 | T54: =IFERROR(T53/T52,0) -> 0 | W54: 入库良率 | X54: =IF(Y54=0%,0%,(Z54*Z52-Y52*Y54)/X52) -> 0.87364019 | Y54: 0.93097927 | Z54: =B55 -> 0.92332628
A55: 入库良率 | B55: =H9 -> 0.92332628 | C55: =M9 -> 0.92142742 | D55: =R9 -> 0.93957233 | E55: =W9 -> 0.93957233 | F55: =AB9 -> 0.93957233 | G55: =AG9 -> 0.93957233 | H55: =AL9 -> 0.93957233 | I55: =AQ9 -> 0.93957233 | J55: =AV9 -> 0.93957233 | K55: =BA9 -> 0.93957233 | L55: =BF9 -> 0.93957233 | M55: =BK9 -> 0.93957233 | N55: =BP9 -> 0.93957233 | O55: =_xlfn.IFNA(VLOOKUP(A55,$W$52:$Y$86,2,0),"0%") -> 0.87364019 | P55: =IF(P$53=0,0%,SUMPRODUCT(($B$50:$O$50=P$50)*$B$53:$O$53*$B55:$O55)/P$53) -> 0.929242 | Q55: =IF(Q$53=0,0%,SUMPRODUCT(($B$50:$O$50=Q$50)*$B$53:$O$53*$B55:$O55)/Q$53) -> 0.93957233 | R55: =IF(R$53=0,0%,SUMPRODUCT(($B$50:$O$50=R$50)*$B$53:$O$53*$B55:$O55)/R$53) -> 0 | S55: =IF(S$53=0,0%,SUMPRODUCT(($B$50:$O$50=S$50)*$B$53:$O$53*$B55:$O55)/S$53) -> 0.93957233 | T55: =IF(T$53=0,0%,SUMPRODUCT(($B$50:$O$50=T$50)*$B$53:$O$53*$B55:$O55)/T$53) -> 0
A56: 屏体良率 | B56: =H10 -> 0.92332628 | C56: =M10 -> 0.92142742 | D56: =R10 -> 0.93957233 | E56: =W10 -> 0.93957233 | F56: =AB10 -> 0.93957233 | G56: =AG10 -> 0.93957233 | H56: =AL10 -> 0.93957233 | I56: =AQ10 -> 0.93957233 | J56: =AV10 -> 0.93957233 | K56: =BA10 -> 0.93957233 | L56: =BF10 -> 0.93957233 | M56: =BK10 -> 0.93957233 | N56: =BP10 -> 0.93957233 | O56: =O55 -> 0.87364019 | P56: =IF(P$53=0,0%,SUMPRODUCT(($B$50:$O$50=P$50)*$B$53:$O$53*$B56:$O56)/P$53) -> 0.929242 | Q56: =IF(Q$53=0,0%,SUMPRODUCT(($B$50:$O$50=Q$50)*$B$53:$O$53*$B56:$O56)/Q$53) -> 0.93957233 | R56: =IF(R$53=0,0%,SUMPRODUCT(($B$50:$O$50=R$50)*$B$53:$O$53*$B56:$O56)/R$53) -> 0 | S56: =IF(S$53=0,0%,SUMPRODUCT(($B$50:$O$50=S$50)*$B$53:$O$53*$B56:$O56)/S$53) -> 0.93957233 | T56: =IF(T$53=0,0%,SUMPRODUCT(($B$50:$O$50=T$50)*$B$53:$O$53*$B56:$O56)/T$53) -> 0
A57: Array | B57: =H11 -> 0.94329297 | C57: =M11 -> 0.94638987 | D57: =R11 -> 0.94668957 | E57: =W11 -> 0.94668957 | F57: =AB11 -> 0.94668957 | G57: =AG11 -> 0.94668957 | H57: =AL11 -> 0.94668957 | I57: =AQ11 -> 0.94668957 | J57: =AV11 -> 0.94668957 | K57: =BA11 -> 0.94668957 | L57: =BF11 -> 0.94668957 | M57: =BK11 -> 0.94668957 | N57: =BP11 -> 0.94668957 | O57: =O58*99.9% -> 0.916651 | P57: =IF(P$53=0,0%,SUMPRODUCT(($B$50:$O$50=P$50)*$B$53:$O$53*$B57:$O57)/P$53) -> 0.94504233 | Q57: =IF(Q$53=0,0%,SUMPRODUCT(($B$50:$O$50=Q$50)*$B$53:$O$53*$B57:$O57)/Q$53) -> 0.94668957 | R57: =IF(R$53=0,0%,SUMPRODUCT(($B$50:$O$50=R$50)*$B$53:$O$53*$B57:$O57)/R$53) -> 0 | S57: =IF(S$53=0,0%,SUMPRODUCT(($B$50:$O$50=S$50)*$B$53:$O$53*$B57:$O57)/S$53) -> 0.94668957 | T57: =IF(T$53=0,0%,SUMPRODUCT(($B$50:$O$50=T$50)*$B$53:$O$53*$B57:$O57)/T$53) -> 0 | W57: ARRAY还原入库良率 | X57: =IF(IF(Y57=0%,0%,(Z57*$Z$52-$Y$52*Y57)/$X$52)>100%,"100%",IF(Y57=0%,0%,(Z57*$Z$52-$Y$52*Y57)/$X$52)) -> 0.91756857 | Y57: 0.94834488 | Z57: =B58 -> 0.9442372
A58: ARRAY还原入库良率 | B58: =H12 -> 0.9442372 | C58: =M12 -> 0.9473372 | D58: =R12 -> 0.9476372 | E58: =W12 -> 0.9476372 | F58: =AB12 -> 0.9476372 | G58: =AG12 -> 0.9476372 | H58: =AL12 -> 0.9476372 | I58: =AQ12 -> 0.9476372 | J58: =AV12 -> 0.9476372 | K58: =BA12 -> 0.9476372 | L58: =BF12 -> 0.9476372 | M58: =BK12 -> 0.9476372 | N58: =BP12 -> 0.9476372 | O58: =_xlfn.IFNA(VLOOKUP(A58,$W$52:$Y$86,2,0),"0%") -> 0.91756857 | P58: =IF(P$53=0,0%,SUMPRODUCT(($B$50:$O$50=P$50)*$B$53:$O$53*$B58:$O58)/P$53) -> 0.94598832 | Q58: =IF(Q$53=0,0%,SUMPRODUCT(($B$50:$O$50=Q$50)*$B$53:$O$53*$B58:$O58)/Q$53) -> 0.9476372 | R58: =IF(R$53=0,0%,SUMPRODUCT(($B$50:$O$50=R$50)*$B$53:$O$53*$B58:$O58)/R$53) -> 0 | S58: =IF(S$53=0,0%,SUMPRODUCT(($B$50:$O$50=S$50)*$B$53:$O$53*$B58:$O58)/S$53) -> 0.9476372 | T58: =IF(T$53=0,0%,SUMPRODUCT(($B$50:$O$50=T$50)*$B$53:$O$53*$B58:$O58)/T$53) -> 0 | W58: TP还原入库良率 | X58: =IF(IF(Y58=0%,0%,(Z58*$Z$52-$Y$52*Y58)/$X$52)>100%,"100%",IF(Y58=0%,0%,(Z58*$Z$52-$Y$52*Y58)/$X$52)) -> 0.9769651 | Y58: 0.98727258 | Z58: =B76 -> 0.98589685
A59: Array_AD | B59: =H13 -> 0.019277514 | C59: =M13 -> 0.019277514 | D59: =R13 -> 0.019277514 | E59: =W13 -> 0.019277514 | F59: =AB13 -> 0.019277514 | G59: =AG13 -> 0.019277514 | H59: =AL13 -> 0.019277514 | I59: =AQ13 -> 0.019277514 | J59: =AV13 -> 0.019277514 | K59: =BA13 -> 0.019277514 | L59: =BF13 -> 0.019277514 | M59: =BK13 -> 0.019277514 | N59: =BP13 -> 0.019277514 | O59: =_xlfn.IFNA(VLOOKUP(A59,$W$52:$Y$86,2,0),"0%") -> 0.0024735797 | P59: =IF(P$53=0,0%,SUMPRODUCT(($B$50:$O$50=P$50)*$B$53:$O$53*$B59:$O59)/P$53) -> 0.018420411 | Q59: =IF(Q$53=0,0%,SUMPRODUCT(($B$50:$O$50=Q$50)*$B$53:$O$53*$B59:$O59)/Q$53) -> 0.019277514 | R59: =IF(R$53=0,0%,SUMPRODUCT(($B$50:$O$50=R$50)*$B$53:$O$53*$B59:$O59)/R$53) -> 0 | S59: =IF(S$53=0,0%,SUMPRODUCT(($B$50:$O$50=S$50)*$B$53:$O$53*$B59:$O59)/S$53) -> 0.019277514 | T59: =IF(T$53=0,0%,SUMPRODUCT(($B$50:$O$50=T$50)*$B$53:$O$53*$B59:$O59)/T$53) -> 0 | W59: OLED还原入库良率 | X59: =IF(IF(Y59=0%,0%,(Z59*$Z$52-$Y$52*Y59)/$X$52)>100%,"100%",IF(Y59=0%,0%,(Z59*$Z$52-$Y$52*Y59)/$X$52)) -> 0.99573668 | Y59: 0.9970183 | Z59: =B67 -> 0.99684725
A60: Array_Line | B60: =H14 -> 0.0112392 | C60: =M14 -> 0.0112392 | D60: =R14 -> 0.0112392 | E60: =W14 -> 0.0112392 | F60: =AB14 -> 0.0112392 | G60: =AG14 -> 0.0112392 | H60: =AL14 -> 0.0112392 | I60: =AQ14 -> 0.0112392 | J60: =AV14 -> 0.0112392 | K60: =BA14 -> 0.0112392 | L60: =BF14 -> 0.0112392 | M60: =BK14 -> 0.0112392 | N60: =BP14 -> 0.0112392 | O60: =_xlfn.IFNA(VLOOKUP(A60,$W$52:$Y$86,2,0),"0%") -> 0.0024733036 | P60: =IF(P$53=0,0%,SUMPRODUCT(($B$50:$O$50=P$50)*$B$53:$O$53*$B60:$O60)/P$53) -> 0.010792086 | Q60: =IF(Q$53=0,0%,SUMPRODUCT(($B$50:$O$50=Q$50)*$B$53:$O$53*$B60:$O60)/Q$53) -> 0.0112392 | R60: =IF(R$53=0,0%,SUMPRODUCT(($B$50:$O$50=R$50)*$B$53:$O$53*$B60:$O60)/R$53) -> 0 | S60: =IF(S$53=0,0%,SUMPRODUCT(($B$50:$O$50=S$50)*$B$53:$O$53*$B60:$O60)/S$53) -> 0.0112392 | T60: =IF(T$53=0,0%,SUMPRODUCT(($B$50:$O$50=T$50)*$B$53:$O$53*$B60:$O60)/T$53) -> 0 | W60: 屏体还原入库良率 | X60: =IF(IF(Y60=0%,0%,(Z60*$Z$52-$Y$52*Y60)/$X$52)>100%,"100%",IF(Y60=0%,0%,(Z60*$Z$52-$Y$52*Y60)/$X$52)) -> 0.99653637 | Y60: 0.99903371 | Z60: =B85 -> 0.99870039
A61: Array_Mura | B61: =H15 -> 0.0022622801 | C61: =M15 -> 0.0022622801 | D61: =R15 -> 0.0019622801 | E61: =W15 -> 0.0019622801 | F61: =AB15 -> 0.0019622801 | G61: =AG15 -> 0.0019622801 | H61: =AL15 -> 0.0019622801 | I61: =AQ15 -> 0.0019622801 | J61: =AV15 -> 0.0019622801 | K61: =BA15 -> 0.0019622801 | L61: =BF15 -> 0.0019622801 | M61: =BK15 -> 0.0019622801 | N61: =BP15 -> 0.0019622801 | O61: =_xlfn.IFNA(VLOOKUP(A61,$W$52:$Y$86,2,0),"0%") -> 0.0067329822 | P61: =IF(P$53=0,0%,SUMPRODUCT(($B$50:$O$50=P$50)*$B$53:$O$53*$B61:$O61)/P$53) -> 0.002320811 | Q61: =IF(Q$53=0,0%,SUMPRODUCT(($B$50:$O$50=Q$50)*$B$53:$O$53*$B61:$O61)/Q$53) -> 0.0019622801 | R61: =IF(R$53=0,0%,SUMPRODUCT(($B$50:$O$50=R$50)*$B$53:$O$53*$B61:$O61)/R$53) -> 0 | S61: =IF(S$53=0,0%,SUMPRODUCT(($B$50:$O$50=S$50)*$B$53:$O$53*$B61:$O61)/S$53) -> 0.0019622801 | T61: =IF(T$53=0,0%,SUMPRODUCT(($B$50:$O$50=T$50)*$B$53:$O$53*$B61:$O61)/T$53) -> 0 | W61: Array_Line | X61: =IF((Z61*$Z$52-Y61*$Y$52)<0,Y61*$Y$52/$X$52,(Z61*$Z$52-Y61*$Y$52)/$X$52) -> 0.0024733036 | Y61: 0.012589382 | Z61: =VLOOKUP(W61,$A$57:$B$93,2,0) -> 0.0112392
A62: Array_Pixel | B62: =H16 -> 0.020192053 | C62: =M16 -> 0.017092053 | D62: =R16 -> 0.017092053 | E62: =W16 -> 0.017092053 | F62: =AB16 -> 0.017092053 | G62: =AG16 -> 0.017092053 | H62: =AL16 -> 0.017092053 | I62: =AQ16 -> 0.017092053 | J62: =AV16 -> 0.017092053 | K62: =BA16 -> 0.017092053 | L62: =BF16 -> 0.017092053 | M62: =BK16 -> 0.017092053 | N62: =BP16 -> 0.017092053 | O62: =_xlfn.IFNA(VLOOKUP(A62,$W$52:$Y$86,2,0),"0%") -> 0.070268475 | P62: =IF(P$53=0,0%,SUMPRODUCT(($B$50:$O$50=P$50)*$B$53:$O$53*$B62:$O62)/P$53) -> 0.019804377 | Q62: =IF(Q$53=0,0%,SUMPRODUCT(($B$50:$O$50=Q$50)*$B$53:$O$53*$B62:$O62)/Q$53) -> 0.017092053 | R62: =IF(R$53=0,0%,SUMPRODUCT(($B$50:$O$50=R$50)*$B$53:$O$53*$B62:$O62)/R$53) -> 0 | S62: =IF(S$53=0,0%,SUMPRODUCT(($B$50:$O$50=S$50)*$B$53:$O$53*$B62:$O62)/S$53) -> 0.017092053 | T62: =IF(T$53=0,0%,SUMPRODUCT(($B$50:$O$50=T$50)*$B$53:$O$53*$B62:$O62)/T$53) -> 0 | W62: ARRAY其他 | X62: =IF((Z62*$Z$52-Y62*$Y$52)<0,Y62*$Y$52/$X$52,(Z62*$Z$52-Y62*$Y$52)/$X$52) -> 0.00037567345 | Y62: 0.00038651611 | Z62: =VLOOKUP(W62,$A$57:$B$93,2,0) -> 0.00038506895
A63: ARRAY_RS查杀 | B63: =H17 -> 0.0024066809 | C63: =M17 -> 0.0024066809 | D63: =R17 -> 0.0024066809 | E63: =W17 -> 0.0024066809 | F63: =AB17 -> 0.0024066809 | G63: =AG17 -> 0.0024066809 | H63: =AL17 -> 0.0024066809 | I63: =AQ17 -> 0.0024066809 | J63: =AV17 -> 0.0024066809 | K63: =BA17 -> 0.0024066809 | L63: =BF17 -> 0.0024066809 | M63: =BK17 -> 0.0024066809 | N63: =BP17 -> 0.0024066809 | O63: =_xlfn.IFNA(VLOOKUP(A63,$W$52:$Y$86,2,0),"0%") -> 0.00010741415 | P63: =IF(P$53=0,0%,SUMPRODUCT(($B$50:$O$50=P$50)*$B$53:$O$53*$B63:$O63)/P$53) -> 0.0022894042 | Q63: =IF(Q$53=0,0%,SUMPRODUCT(($B$50:$O$50=Q$50)*$B$53:$O$53*$B63:$O63)/Q$53) -> 0.0024066809 | R63: =IF(R$53=0,0%,SUMPRODUCT(($B$50:$O$50=R$50)*$B$53:$O$53*$B63:$O63)/R$53) -> 0 | S63: =IF(S$53=0,0%,SUMPRODUCT(($B$50:$O$50=S$50)*$B$53:$O$53*$B63:$O63)/S$53) -> 0.0024066809 | T63: =IF(T$53=0,0%,SUMPRODUCT(($B$50:$O$50=T$50)*$B$53:$O$53*$B63:$O63)/T$53) -> 0 | W63: Array_AD | X63: =IF((Z63*$Z$52-Y63*$Y$52)<0,Y63*$Y$52/$X$52,(Z63*$Z$52-Y63*$Y$52)/$X$52) -> 0.0024735797 | Y63: 0.021865768 | Z63: =VLOOKUP(W63,$A$57:$B$93,2,0) -> 0.019277514
A64: ARRAY其他 | B64: =H18 -> 0.00038506895 | C64: =M18 -> 0.00038506895 | D64: =R18 -> 0.00038506895 | E64: =W18 -> 0.00038506895 | F64: =AB18 -> 0.00038506895 | G64: =AG18 -> 0.00038506895 | H64: =AL18 -> 0.00038506895 | I64: =AQ18 -> 0.00038506895 | J64: =AV18 -> 0.00038506895 | K64: =BA18 -> 0.00038506895 | L64: =BF18 -> 0.00038506895 | M64: =BK18 -> 0.00038506895 | N64: =BP18 -> 0.00038506895 | O64: =_xlfn.IFNA(VLOOKUP(A64,$W$52:$Y$86,2,0),"0%") -> 0.00037567345 | P64: =IF(P$53=0,0%,SUMPRODUCT(($B$50:$O$50=P$50)*$B$53:$O$53*$B64:$O64)/P$53) -> 0.00038458972 | Q64: =IF(Q$53=0,0%,SUMPRODUCT(($B$50:$O$50=Q$50)*$B$53:$O$53*$B64:$O64)/Q$53) -> 0.00038506895 | R64: =IF(R$53=0,0%,SUMPRODUCT(($B$50:$O$50=R$50)*$B$53:$O$53*$B64:$O64)/R$53) -> 0 | S64: =IF(S$53=0,0%,SUMPRODUCT(($B$50:$O$50=S$50)*$B$53:$O$53*$B64:$O64)/S$53) -> 0.00038506895 | T64: =IF(T$53=0,0%,SUMPRODUCT(($B$50:$O$50=T$50)*$B$53:$O$53*$B64:$O64)/T$53) -> 0 | W64: Array_Mura | X64: =IF((Z64*$Z$52-Y64*$Y$52)<0,Y64*$Y$52/$X$52,(Z64*$Z$52-Y64*$Y$52)/$X$52) -> 0.0067329822 | Y64: 0.0015736727 | Z64: =VLOOKUP(W64,$A$57:$B$93,2,0) -> 0.0022622801
A65: 风险品（Array） | B65: =H19 -> 0 | C65: =M19 -> 0 | D65: =R19 -> 0 | E65: =W19 -> 0 | F65: =AB19 -> 0 | G65: =AG19 -> 0 | H65: =AL19 -> 0 | I65: =AQ19 -> 0 | J65: =AV19 -> 0 | K65: =BA19 -> 0 | L65: =BF19 -> 0 | M65: =BK19 -> 0 | N65: =BP19 -> 0 | O65: =_xlfn.IFNA(VLOOKUP(A65,$W$52:$Y$86,2,0),"0%") -> 0% | P65: =IF(P$53=0,0%,SUMPRODUCT(($B$50:$O$50=P$50)*$B$53:$O$53*$B65:$O65)/P$53) -> 0 | Q65: =IF(Q$53=0,0%,SUMPRODUCT(($B$50:$O$50=Q$50)*$B$53:$O$53*$B65:$O65)/Q$53) -> 0 | R65: =IF(R$53=0,0%,SUMPRODUCT(($B$50:$O$50=R$50)*$B$53:$O$53*$B65:$O65)/R$53) -> 0 | S65: =IF(S$53=0,0%,SUMPRODUCT(($B$50:$O$50=S$50)*$B$53:$O$53*$B65:$O65)/S$53) -> 0 | T65: =IF(T$53=0,0%,SUMPRODUCT(($B$50:$O$50=T$50)*$B$53:$O$53*$B65:$O65)/T$53) -> 0 | W65: Array_Pixel | X65: =IF((Z65*$Z$52-Y65*$Y$52)<0,Y65*$Y$52/$X$52,(Z65*$Z$52-Y65*$Y$52)/$X$52) -> 0.070268475 | Y65: 0.012478949 | Z65: =VLOOKUP(W65,$A$57:$B$93,2,0) -> 0.020192053
A66: OLED | B66: =H20 -> 0.9958504 | C66: =M20 -> 0.9958504 | D66: =R20 -> 0.9958504 | E66: =W20 -> 0.9958504 | F66: =AB20 -> 0.9958504 | G66: =AG20 -> 0.9958504 | H66: =AL20 -> 0.9958504 | I66: =AQ20 -> 0.9958504 | J66: =AV20 -> 0.9958504 | K66: =BA20 -> 0.9958504 | L66: =BF20 -> 0.9958504 | M66: =BK20 -> 0.9958504 | N66: =BP20 -> 0.9958504 | O66: =O67*99.9% -> 0.99474095 | P66: =IF(P$53=0,0%,SUMPRODUCT(($B$50:$O$50=P$50)*$B$53:$O$53*$B66:$O66)/P$53) -> 0.99579381 | Q66: =IF(Q$53=0,0%,SUMPRODUCT(($B$50:$O$50=Q$50)*$B$53:$O$53*$B66:$O66)/Q$53) -> 0.9958504 | R66: =IF(R$53=0,0%,SUMPRODUCT(($B$50:$O$50=R$50)*$B$53:$O$53*$B66:$O66)/R$53) -> 0 | S66: =IF(S$53=0,0%,SUMPRODUCT(($B$50:$O$50=S$50)*$B$53:$O$53*$B66:$O66)/S$53) -> 0.9958504 | T66: =IF(T$53=0,0%,SUMPRODUCT(($B$50:$O$50=T$50)*$B$53:$O$53*$B66:$O66)/T$53) -> 0 | W66: OLED_Mura | X66: =IF((Z66*$Z$52-Y66*$Y$52)<0,Y66*$Y$52/$X$52,(Z66*$Z$52-Y66*$Y$52)/$X$52) -> 0.00038319244 | Y66: 0.00057977416 | Z66: =VLOOKUP(W66,$A$57:$B$93,2,0) -> 0.00055353662
A67: OLED还原入库良率 | B67: =H21 -> 0.99684725 | C67: =M21 -> 0.99684725 | D67: =R21 -> 0.99684725 | E67: =W21 -> 0.99684725 | F67: =AB21 -> 0.99684725 | G67: =AG21 -> 0.99684725 | H67: =AL21 -> 0.99684725 | I67: =AQ21 -> 0.99684725 | J67: =AV21 -> 0.99684725 | K67: =BA21 -> 0.99684725 | L67: =BF21 -> 0.99684725 | M67: =BK21 -> 0.99684725 | N67: =BP21 -> 0.99684725 | O67: =_xlfn.IFNA(VLOOKUP(A67,$W$52:$Y$86,2,0),"0%") -> 0.99573668 | P67: =IF(P$53=0,0%,SUMPRODUCT(($B$50:$O$50=P$50)*$B$53:$O$53*$B67:$O67)/P$53) -> 0.9967906 | Q67: =IF(Q$53=0,0%,SUMPRODUCT(($B$50:$O$50=Q$50)*$B$53:$O$53*$B67:$O67)/Q$53) -> 0.99684725 | R67: =IF(R$53=0,0%,SUMPRODUCT(($B$50:$O$50=R$50)*$B$53:$O$53*$B67:$O67)/R$53) -> 0 | S67: =IF(S$53=0,0%,SUMPRODUCT(($B$50:$O$50=S$50)*$B$53:$O$53*$B67:$O67)/S$53) -> 0.99684725 | T67: =IF(T$53=0,0%,SUMPRODUCT(($B$50:$O$50=T$50)*$B$53:$O$53*$B67:$O67)/T$53) -> 0 | W67: OLED_RS查杀 | X67: =IF((Z67*$Z$52-Y67*$Y$52)<0,Y67*$Y$52/$X$52,(Z67*$Z$52-Y67*$Y$52)/$X$52) -> 0.00041541668 | Y67: 0.001408023 | Z67: =VLOOKUP(W67,$A$57:$B$93,2,0) -> 0.0012755409
A68: OLED_Mura | B68: =H22 -> 0.00055353662 | C68: =M22 -> 0.00055353662 | D68: =R22 -> 0.00055353662 | E68: =W22 -> 0.00055353662 | F68: =AB22 -> 0.00055353662 | G68: =AG22 -> 0.00055353662 | H68: =AL22 -> 0.00055353662 | I68: =AQ22 -> 0.00055353662 | J68: =AV22 -> 0.00055353662 | K68: =BA22 -> 0.00055353662 | L68: =BF22 -> 0.00055353662 | M68: =BK22 -> 0.00055353662 | N68: =BP22 -> 0.00055353662 | O68: =_xlfn.IFNA(VLOOKUP(A68,$W$52:$Y$86,2,0),"0%") -> 0.00038319244 | P68: =IF(P$53=0,0%,SUMPRODUCT(($B$50:$O$50=P$50)*$B$53:$O$53*$B68:$O68)/P$53) -> 0.00054484802 | Q68: =IF(Q$53=0,0%,SUMPRODUCT(($B$50:$O$50=Q$50)*$B$53:$O$53*$B68:$O68)/Q$53) -> 0.00055353662 | R68: =IF(R$53=0,0%,SUMPRODUCT(($B$50:$O$50=R$50)*$B$53:$O$53*$B68:$O68)/R$53) -> 0 | S68: =IF(S$53=0,0%,SUMPRODUCT(($B$50:$O$50=S$50)*$B$53:$O$53*$B68:$O68)/S$53) -> 0.00055353662 | T68: =IF(T$53=0,0%,SUMPRODUCT(($B$50:$O$50=T$50)*$B$53:$O$53*$B68:$O68)/T$53) -> 0 | W68: OLED其他 | X68: =IF((Z68*$Z$52-Y68*$Y$52)<0,Y68*$Y$52/$X$52,(Z68*$Z$52-Y68*$Y$52)/$X$52) -> 0.0034625577 | Y68: 0.00093868198 | Z68: =VLOOKUP(W68,$A$57:$B$93,2,0) -> 0.0012755409
A69: OLED_RS查杀 | B69: =H23 -> 0.0012755409 | C69: =M23 -> 0.0012755409 | D69: =R23 -> 0.0012755409 | E69: =W23 -> 0.0012755409 | F69: =AB23 -> 0.0012755409 | G69: =AG23 -> 0.0012755409 | H69: =AL23 -> 0.0012755409 | I69: =AQ23 -> 0.0012755409 | J69: =AV23 -> 0.0012755409 | K69: =BA23 -> 0.0012755409 | L69: =BF23 -> 0.0012755409 | M69: =BK23 -> 0.0012755409 | N69: =BP23 -> 0.0012755409 | O69: =_xlfn.IFNA(VLOOKUP(A69,$W$52:$Y$86,2,0),"0%") -> 0.00041541668 | P69: =IF(P$53=0,0%,SUMPRODUCT(($B$50:$O$50=P$50)*$B$53:$O$53*$B69:$O69)/P$53) -> 0.0012316693 | Q69: =IF(Q$53=0,0%,SUMPRODUCT(($B$50:$O$50=Q$50)*$B$53:$O$53*$B69:$O69)/Q$53) -> 0.0012755409 | R69: =IF(R$53=0,0%,SUMPRODUCT(($B$50:$O$50=R$50)*$B$53:$O$53*$B69:$O69)/R$53) -> 0 | S69: =IF(S$53=0,0%,SUMPRODUCT(($B$50:$O$50=S$50)*$B$53:$O$53*$B69:$O69)/S$53) -> 0.0012755409 | T69: =IF(T$53=0,0%,SUMPRODUCT(($B$50:$O$50=T$50)*$B$53:$O$53*$B69:$O69)/T$53) -> 0 | W69: OLED_色偏 | X69: =IF((Z69*$Z$52-Y69*$Y$52)<0,Y69*$Y$52/$X$52,(Z69*$Z$52-Y69*$Y$52)/$X$52) -> 2.148283e-06 | Y69: 5.5216587e-05 | Z69: =VLOOKUP(W69,$A$57:$B$93,2,0) -> 4.8133619e-05
A70: OLED_色偏 | B70: =H24 -> 4.8133619e-05 | C70: =M24 -> 4.8133619e-05 | D70: =R24 -> 4.8133619e-05 | E70: =W24 -> 4.8133619e-05 | F70: =AB24 -> 4.8133619e-05 | G70: =AG24 -> 4.8133619e-05 | H70: =AL24 -> 4.8133619e-05 | I70: =AQ24 -> 4.8133619e-05 | J70: =AV24 -> 4.8133619e-05 | K70: =BA24 -> 4.8133619e-05 | L70: =BF24 -> 4.8133619e-05 | M70: =BK24 -> 4.8133619e-05 | N70: =BP24 -> 4.8133619e-05 | O70: =_xlfn.IFNA(VLOOKUP(A70,$W$52:$Y$86,2,0),"0%") -> 2.148283e-06 | P70: =IF(P$53=0,0%,SUMPRODUCT(($B$50:$O$50=P$50)*$B$53:$O$53*$B70:$O70)/P$53) -> 4.5788085e-05 | Q70: =IF(Q$53=0,0%,SUMPRODUCT(($B$50:$O$50=Q$50)*$B$53:$O$53*$B70:$O70)/Q$53) -> 4.8133619e-05 | R70: =IF(R$53=0,0%,SUMPRODUCT(($B$50:$O$50=R$50)*$B$53:$O$53*$B70:$O70)/R$53) -> 0 | S70: =IF(S$53=0,0%,SUMPRODUCT(($B$50:$O$50=S$50)*$B$53:$O$53*$B70:$O70)/S$53) -> 4.8133619e-05 | T70: =IF(T$53=0,0%,SUMPRODUCT(($B$50:$O$50=T$50)*$B$53:$O$53*$B70:$O70)/T$53) -> 0 | W70: TP其他 | X70: =IF((Z70*$Z$52-Y70*$Y$52)<0,Y70*$Y$52/$X$52,(Z70*$Z$52-Y70*$Y$52)/$X$52) -> 0 | Y70: 0 | Z70: =VLOOKUP(W70,$A$57:$B$93,2,0) -> 0
A71: OLED其他 | B71: =H25 -> 0.0012755409 | C71: =M25 -> 0.0012755409 | D71: =R25 -> 0.0012755409 | E71: =W25 -> 0.0012755409 | F71: =AB25 -> 0.0012755409 | G71: =AG25 -> 0.0012755409 | H71: =AL25 -> 0.0012755409 | I71: =AQ25 -> 0.0012755409 | J71: =AV25 -> 0.0012755409 | K71: =BA25 -> 0.0012755409 | L71: =BF25 -> 0.0012755409 | M71: =BK25 -> 0.0012755409 | N71: =BP25 -> 0.0012755409 | O71: =_xlfn.IFNA(VLOOKUP(A71,$W$52:$Y$86,2,0),"0%") -> 0.0034625577 | P71: =IF(P$53=0,0%,SUMPRODUCT(($B$50:$O$50=P$50)*$B$53:$O$53*$B71:$O71)/P$53) -> 0.0013870922 | Q71: =IF(Q$53=0,0%,SUMPRODUCT(($B$50:$O$50=Q$50)*$B$53:$O$53*$B71:$O71)/Q$53) -> 0.0012755409 | R71: =IF(R$53=0,0%,SUMPRODUCT(($B$50:$O$50=R$50)*$B$53:$O$53*$B71:$O71)/R$53) -> 0 | S71: =IF(S$53=0,0%,SUMPRODUCT(($B$50:$O$50=S$50)*$B$53:$O$53*$B71:$O71)/S$53) -> 0.0012755409 | T71: =IF(T$53=0,0%,SUMPRODUCT(($B$50:$O$50=T$50)*$B$53:$O$53*$B71:$O71)/T$53) -> 0 | W71: TP 容值NG | X71: =IF((Z71*$Z$52-Y71*$Y$52)<0,Y71*$Y$52/$X$52,(Z71*$Z$52-Y71*$Y$52)/$X$52) -> 0.00017748652 | Y71: 0.003 | Z71: =VLOOKUP(W71,$A$57:$B$93,2,0) -> 0.0026232822
A72: OLED_开发责 | B72: =H26 -> 0 | C72: =M26 -> 0 | D72: =R26 -> 0 | E72: =W26 -> 0 | F72: =AB26 -> 0 | G72: =AG26 -> 0 | H72: =AL26 -> 0 | I72: =AQ26 -> 0 | J72: =AV26 -> 0 | K72: =BA26 -> 0 | L72: =BF26 -> 0 | M72: =BK26 -> 0 | N72: =BP26 -> 0 | O72: =_xlfn.IFNA(VLOOKUP(A72,$W$52:$Y$86,2,0),"0%") -> 0% | P72: =IF(P$53=0,0%,SUMPRODUCT(($B$50:$O$50=P$50)*$B$53:$O$53*$B72:$O72)/P$53) -> 0 | Q72: =IF(Q$53=0,0%,SUMPRODUCT(($B$50:$O$50=Q$50)*$B$53:$O$53*$B72:$O72)/Q$53) -> 0 | R72: =IF(R$53=0,0%,SUMPRODUCT(($B$50:$O$50=R$50)*$B$53:$O$53*$B72:$O72)/R$53) -> 0 | S72: =IF(S$53=0,0%,SUMPRODUCT(($B$50:$O$50=S$50)*$B$53:$O$53*$B72:$O72)/S$53) -> 0 | T72: =IF(T$53=0,0%,SUMPRODUCT(($B$50:$O$50=T$50)*$B$53:$O$53*$B72:$O72)/T$53) -> 0 | W72: 外观不良 | X72: =IF((Z72*$Z$52-Y72*$Y$52)<0,Y72*$Y$52/$X$52,(Z72*$Z$52-Y72*$Y$52)/$X$52) -> 0.0020189417 | Y72: 0.00091107369 | Z72: =VLOOKUP(W72,$A$57:$B$93,2,0) -> 0.0010589396
